set,seed,region,target,n,R2,RMSE,MAE,RPIQ
base_41,42,Vidarbha,N,3561,0.1505654070401875,89.24605649909981,63.884030651119474,1.2802806586882916
base_41,42,Vidarbha,P,3561,0.0253126258098704,18.2194187885149,9.86393586547091,0.8611690736199891
base_41,42,Vidarbha,K,3561,0.2392016353627485,299.3788877254186,191.1080900734249,1.322070514080525
base_41,42,Vidarbha,OC,3561,0.0602495337941622,0.2541619366316455,0.17803479538738,1.1016598461232268
base_41,42,Marathwada,N,3838,0.1342206710956366,65.3868562679129,46.620426042404866,1.0701692051578051
base_41,42,Marathwada,P,3838,0.2109211968086167,12.942684528016944,5.929587589309069,0.6012083492536637
base_41,42,Marathwada,K,3838,0.0141729559932999,181.35813745670757,137.79419586300284,1.4476742189893372
base_41,42,Marathwada,OC,3838,0.020750810959092,0.1377093170407267,0.0924261976911767,1.094364772047654
base_41,42,North MH,N,5373,0.0417562034187228,61.57421835745153,43.975724538955426,1.0902290242694754
base_41,42,North MH,P,5373,0.0464795411431833,21.472144006566023,10.114748701766311,0.3478925997196987
base_41,42,North MH,K,5373,0.0090056852575142,142.35535299377386,102.87839120372747,1.2887467604258191
base_41,42,North MH,OC,5373,0.1133358324575732,0.3304666361352942,0.2012553302800133,0.6354650577010903
base_41,42,Western MH,N,2729,0.2157682545820755,107.5398710941526,76.9676857331198,1.4925626966715568
base_41,42,Western MH,P,2729,0.2295761329178747,36.43884057073513,19.063457241146775,0.668654644834339
base_41,42,Western MH,K,2729,-0.0296092626352513,232.83459562696376,167.08694872022687,1.1775741455504227
base_41,42,Western MH,OC,2729,0.1777538263982778,0.2617480667494482,0.1953341307576848,1.4116627663718126
base_41,42,Konkan,N,1772,0.1412747229065872,292.2918559839326,222.201242166194,2.2756548373915826
base_41,42,Konkan,P,1772,0.0216933985868982,28.53687756191232,15.22071194931582,0.6419505413742395
base_41,42,Konkan,K,1772,-0.0216796006879964,366.810681587109,240.04760405627212,1.0529750614917044
base_41,42,Konkan,OC,1772,0.089183562515575,0.6524717531258077,0.5022533426371902,1.476309120487349
base+burn,42,Vidarbha,N,3561,0.1489853153317272,89.3290242974121,63.98634309650619,1.279091548336884
base+burn,42,Vidarbha,P,3561,0.028259030535601,18.191859997128763,9.853005009412014,0.8624736559360267
base+burn,42,Vidarbha,K,3561,0.2399240707660582,299.23671255395544,190.91716156779125,1.322698664284494
base+burn,42,Vidarbha,OC,3561,0.0595139758147973,0.2542613855168579,0.1779063611664828,1.1012289555129304
base+burn,42,Marathwada,N,3838,0.1261327665275935,65.69156053305535,46.837624103831686,1.0652053236699903
base+burn,42,Marathwada,P,3838,0.2099675292731081,12.950503323089803,5.9525371374780045,0.6008453730231934
base+burn,42,Marathwada,K,3838,0.0122678699507692,181.53328790558945,137.8733208801186,1.4462774460216017
base+burn,42,Marathwada,OC,3838,0.0216200033371469,0.1376481873187209,0.0922597379723495,1.0948507807310328
base+burn,42,North MH,N,5373,0.0419104539827658,61.5692622908433,44.02281838695052,1.0903167831196137
base+burn,42,North MH,P,5373,0.0437939995431447,21.50236034348346,10.138866921963729,0.3474037212972236
base+burn,42,North MH,K,5373,0.0123552632978283,142.11456757082556,102.56007535963712,1.2909302905106417
base+burn,42,North MH,OC,5373,0.1173903265264244,0.3297101996478546,0.2007369673633611,0.6369229712162058
base+burn,42,Western MH,N,2729,0.2189439943133391,107.32190931859982,76.76345477814546,1.4955939660326394
base+burn,42,Western MH,P,2729,0.2275687433023974,36.48628157559705,19.033457457535988,0.6677852318142481
base+burn,42,Western MH,K,2729,-0.0299492297416212,232.87303232986767,167.11197386721136,1.1773797818358829
base+burn,42,Western MH,OC,2729,0.1786992036567158,0.2615975510978156,0.1956659635408036,1.41247499622746
base+burn,42,Konkan,N,1772,0.142451229896952,292.0915583525861,222.0585466120335,2.277215335326759
base+burn,42,Konkan,P,1772,0.0191662854370263,28.573711314707996,15.222577143369843,0.641123016825972
base+burn,42,Konkan,K,1772,-0.0257476948213908,367.5402341351165,241.07637737537803,1.050884948443517
base+burn,42,Konkan,OC,1772,0.094094018880894,0.650710550791929,0.5018086176668934,1.4803048741528837
base+groundwater,42,Vidarbha,N,3561,0.2060696280720431,86.28102017106355,61.01260688079415,1.3242773413372306
base+groundwater,42,Vidarbha,P,3561,0.203478542460782,16.470265054088937,8.452987009447346,0.9526258350107591
base+groundwater,42,Vidarbha,K,3561,0.3023366710944971,286.6878800928072,179.7737475422228,1.3805955099039091
base+groundwater,42,Vidarbha,OC,3561,0.2307637248225335,0.2299503707993856,0.1619551344919368,1.2176540486828735
base+groundwater,42,Marathwada,N,3838,0.3571083036448493,56.34504880293063,39.48837930790598,1.241901488891078
base+groundwater,42,Marathwada,P,3838,0.2693556393707934,12.454238988146946,5.31946978842258,0.6247872718201118
base+groundwater,42,Marathwada,K,3838,0.1739143297994686,166.01572538346088,124.0836511132452,1.581461631984388
base+groundwater,42,Marathwada,OC,3838,0.0777883497128236,0.1336386304715284,0.0871310498017181,1.127699564267986
base+groundwater,42,North MH,N,5373,0.3099974176435029,52.24999549185589,36.56839559852122,1.2847847998467947
base+groundwater,42,North MH,P,5373,0.2014517129374725,19.649929407237593,9.238915807449272,0.3801540374617631
base+groundwater,42,North MH,K,5373,0.2168020753583091,126.55344884456524,85.39054092558209,1.4496641669981527
base+groundwater,42,North MH,OC,5373,0.2634500676435002,0.3011959568822004,0.1831311692825645,0.6972205144245419
base+groundwater,42,Western MH,N,2729,0.4513495459748696,89.94875857549933,56.94356293349435,1.7844604254907468
base+groundwater,42,Western MH,P,2729,0.3485362729389472,33.507714430417934,16.718067922650775,0.7271459845641314
base+groundwater,42,Western MH,K,2729,-0.0013026124182133,229.61167375587817,162.50282719712445,1.1941030502286512
base+groundwater,42,Western MH,OC,2729,0.4020030171671731,0.22321945760715,0.1554777766439297,1.6553216460649816
base+groundwater,42,Konkan,N,1772,0.326419047743854,258.87164909612676,186.14607096507604,2.569440795554278
base+groundwater,42,Konkan,P,1772,0.0264261616908977,28.467767315433115,14.833013819516776,0.6435089832306116
base+groundwater,42,Konkan,K,1772,0.0754621136539986,348.9369568444114,230.80983569098404,1.1069119863168375
base+groundwater,42,Konkan,OC,1772,0.2599275351810576,0.5881436441188992,0.4440266837083891,1.6377801743365763
base+hydro,42,Vidarbha,N,3561,0.1317216982638981,90.23053603907096,64.65387011094197,1.2663118830472642
base+hydro,42,Vidarbha,P,3561,0.0406164759208887,18.075818683335275,9.750839713246071,0.8680104771390054
base+hydro,42,Vidarbha,K,3561,0.2374685847433615,299.71967685988244,190.87508873290147,1.3205672852271044
base+hydro,42,Vidarbha,OC,3561,0.0586447538688668,0.2543788559143327,0.1778810842659168,1.1007204155926218
base+hydro,42,Marathwada,N,3838,0.1110266437071348,66.25691695583514,47.22147204829234,1.0561161493017133
base+hydro,42,Marathwada,P,3838,0.2067676750463474,12.97670341514473,5.952899552360064,0.5996322602949168
base+hydro,42,Marathwada,K,3838,0.0078705896196561,181.9369227928884,138.6948625430865,1.4430688173113508
base+hydro,42,Marathwada,OC,3838,0.013341717937511,0.1382292962727443,0.0930707146454805,1.0902480835520858
base+hydro,42,North MH,N,5373,0.0479012426206232,61.3764688110586,44.001159297212055,1.0937416456240432
base+hydro,42,North MH,P,5373,0.0427668965445759,21.51390556036268,10.119222648053777,0.3472172906514363
base+hydro,42,North MH,K,5373,0.0042996366763076,142.69296226916964,102.8424925867272,1.2856976061225027
base+hydro,42,North MH,OC,5373,0.1235770449565597,0.3285526033805421,0.199429375122994,0.6391670552577237
base+hydro,42,Western MH,N,2729,0.2419409322744994,105.73014453118496,75.93482395075806,1.5181100972831625
base+hydro,42,Western MH,P,2729,0.2246395064004628,36.55539829481801,19.11695520785069,0.6665226241962166
base+hydro,42,Western MH,K,2729,-0.0308316596596758,232.97277032103813,167.064244487904,1.176875733684147
base+hydro,42,Western MH,OC,2729,0.185614380583266,0.2604939254182188,0.1951595282435485,1.4184591805999835
base+hydro,42,Konkan,N,1772,0.117105779875745,296.3766115009383,225.7581376909022,2.244291047905088
base+hydro,42,Konkan,P,1772,0.0263173249185745,28.46935849075088,15.11814138641098,0.6434730169965565
base+hydro,42,Konkan,K,1772,-0.0210495791315845,366.6975667347331,239.56109851039065,1.053299871715281
base+hydro,42,Konkan,OC,1772,0.0785020718581952,0.6562864936574704,0.506903503271827,1.4677279043666258
base+iolulc,42,Vidarbha,N,3561,0.2099968974366554,86.06735604024381,62.32748577980113,1.327564889370759
base+iolulc,42,Vidarbha,P,3561,0.0375302051443445,18.104869670742435,9.746303481012635,0.8666176716728937
base+iolulc,42,Vidarbha,K,3561,0.315991568553611,283.86844115990493,181.3096505343348,1.3943078645260296
base+iolulc,42,Vidarbha,OC,3561,0.0734376588395071,0.252372226126845,0.1772260880318191,1.109472323072781
base+iolulc,42,Marathwada,N,3838,0.1336668732712151,65.40776535453602,46.54389186328358,1.0698271011202989
base+iolulc,42,Marathwada,P,3838,0.2099928144198212,12.950296079711354,5.934955551179397,0.600854988341968
base+iolulc,42,Marathwada,K,3838,0.0174169674534099,181.05949852552752,137.4494097697107,1.4500620080033169
base+iolulc,42,Marathwada,OC,3838,0.0245105341052158,0.1374447026661153,0.0919110965292966,1.096471689550729
base+iolulc,42,North MH,N,5373,0.0411477567422304,61.593763844414845,44.0345507571721,1.089883062992702
base+iolulc,42,North MH,P,5373,0.0448509605934899,21.490473029811792,10.109661730081502,0.3475958853784904
base+iolulc,42,North MH,K,5373,0.0126516791078873,142.0932399799131,102.62082594993312,1.2911240536561392
base+iolulc,42,North MH,OC,5373,0.1166714072430397,0.3298444530889324,0.2005351187677207,0.6366637305353743
base+iolulc,42,Western MH,N,2729,0.2191111196271854,107.31042668021156,76.56909539994682,1.4957540004786751
base+iolulc,42,Western MH,P,2729,0.2285483789526062,36.46313737868513,19.065049694838223,0.6682090942136754
base+iolulc,42,Western MH,K,2729,-0.0299520939333124,232.8733561286149,166.97270490714214,1.1773781447482197
base+iolulc,42,Western MH,OC,2729,0.176937670745465,0.2618779391564247,0.195826552746356,1.4109626843339809
base+iolulc,42,Konkan,N,1772,0.1423493927317952,292.1089013272672,222.25895782794925,2.2770801333944504
base+iolulc,42,Konkan,P,1772,0.0172097803893062,28.602195633005454,15.2182884381058,0.6404845360494115
base+iolulc,42,Konkan,K,1772,-0.0142682838797114,365.4778281870651,239.01895714816473,1.0568151340833372
base+iolulc,42,Konkan,OC,1772,0.10020262718585,0.6485129389612688,0.5002641337064869,1.485321174227995
base+lgrip,42,Vidarbha,N,3561,0.1364039162047523,89.9869216745631,64.53936826019881,1.2697400674869206
base+lgrip,42,Vidarbha,P,3561,0.0343868483431439,18.134410169156514,9.766100223238052,0.8652059732654536
base+lgrip,42,Vidarbha,K,3561,0.2403927118719451,299.14444792529724,190.78706837423107,1.3231066220518313
base+lgrip,42,Vidarbha,OC,3561,0.1089365326963067,0.2474905126716934,0.172490759847963,1.1313564991940992
base+lgrip,42,Marathwada,N,3838,0.2228999204828333,61.947720168692456,43.502509733659814,1.1295815214740448
base+lgrip,42,Marathwada,P,3838,0.2230175338014389,12.84309769514664,5.711956777784328,0.6058701868273186
base+lgrip,42,Marathwada,K,3838,0.0185985831607274,180.95059826019892,137.60168496927332,1.4509346889390682
base+lgrip,42,Marathwada,OC,3838,0.0437812419333347,0.1360803268220663,0.0910296234075124,1.107465192592963
base+lgrip,42,North MH,N,5373,0.052216826108664,61.237210091362144,43.45323609644021,1.09622890885862
base+lgrip,42,North MH,P,5373,0.0733308787405543,21.167655024447605,10.006304283889614,0.3528969076344317
base+lgrip,42,North MH,K,5373,0.0243494908308062,141.24899252943175,100.94273617452984,1.2988411224368404
base+lgrip,42,North MH,OC,5373,0.1472786187895592,0.3240795425416022,0.1968608401776164,0.6479890657493205
base+lgrip,42,Western MH,N,2729,0.2509487126491333,105.1000880175922,74.40783277931516,1.5272108998912823
base+lgrip,42,Western MH,P,2729,0.2753263930475955,35.340355010977824,18.207966925473,0.6894384618499578
base+lgrip,42,Western MH,K,2729,-0.029581657125592,232.83147426772803,166.72897090845169,1.1775899322130574
base+lgrip,42,Western MH,OC,2729,0.2021329811629464,0.257838525380317,0.1915937199639713,1.4330674574522173
base+lgrip,42,Konkan,N,1772,0.0673752971628769,304.6092230170471,229.63347434563903,2.183635050218999
base+lgrip,42,Konkan,P,1772,-0.0124650212916224,29.030798001031155,15.613821927368692,0.6310286062184481
base+lgrip,42,Konkan,K,1772,-0.0324314631390576,368.7357352537708,240.4045704627076,1.047477808827454
base+lgrip,42,Konkan,OC,1772,0.0934672406607751,0.650935618672984,0.5021930100549465,1.479793043071923
base+ndvi,42,Vidarbha,N,3561,0.1481463692237351,89.37304455807875,63.76068462635589,1.2784615379836204
base+ndvi,42,Vidarbha,P,3561,0.0437736523631532,18.046051871758475,9.84674983954718,0.8694422531586742
base+ndvi,42,Vidarbha,K,3561,0.2528619212308371,296.67900990028346,188.42060821606995,1.3341017961905426
base+ndvi,42,Vidarbha,OC,3561,0.0588448361472401,0.2543518207402877,0.1779101878389629,1.100837411680654
base+ndvi,42,Marathwada,N,3838,0.1776167091746675,63.7270756955631,45.1957999844252,1.0980419113264268
base+ndvi,42,Marathwada,P,3838,0.2188607018115758,12.877406954284009,5.772001327153494,0.604255967651264
base+ndvi,42,Marathwada,K,3838,0.0599989018265292,177.09278323826547,133.54310512626424,1.4825420618454082
base+ndvi,42,Marathwada,OC,3838,0.0273991910241587,0.1372410485177198,0.092273145621591,1.0980987611199644
base+ndvi,42,North MH,N,5373,0.0674046349630909,60.7445788810059,43.34983042763186,1.1051191931300184
base+ndvi,42,North MH,P,5373,0.0748856479425814,21.149889981119564,9.894594967443892,0.3531933266162824
base+ndvi,42,North MH,K,5373,0.0675050576527679,138.0897564278822,98.25893374835992,1.3285561850911989
base+ndvi,42,North MH,OC,5373,0.1878847513281581,0.316269180572605,0.1915474908932629,0.6639913494567987
base+ndvi,42,Western MH,N,2729,0.2470398631794332,105.3739583571527,75.72981631898854,1.5232416291696107
base+ndvi,42,Western MH,P,2729,0.2474486527099524,36.013700996372044,18.79067146126295,0.6765480727030662
base+ndvi,42,Western MH,K,2729,-0.0333112670044672,233.2528034425742,167.4391809673699,1.175462828113455
base+ndvi,42,Western MH,OC,2729,0.2212947454988313,0.2547235535292944,0.1891776665951863,1.4505922003695102
base+ndvi,42,Konkan,N,1772,0.1408447508385898,292.3650235085769,223.16263082773415,2.275085330036022
base+ndvi,42,Konkan,P,1772,0.031737713027691,28.390004949894212,14.981621461047084,0.6452716028874191
base+ndvi,42,Konkan,K,1772,0.016235216728499,359.94011300160264,232.49839401490505,1.0730743422261475
base+ndvi,42,Konkan,OC,1772,0.1164202109886757,0.642642097845646,0.4936490253214886,1.4988902893681262
base+s1,42,Vidarbha,N,3561,0.1522886674188922,89.15548314904471,64.06063752949106,1.2815813000417156
base+s1,42,Vidarbha,P,3561,0.0338665351728707,18.13929530442057,9.752048320939377,0.8649729626583853
base+s1,42,Vidarbha,K,3561,0.24032409111631,299.15795954821283,190.6736382055656,1.3230468632615875
base+s1,42,Vidarbha,OC,3561,0.0670465144421493,0.2532411236712033,0.1777491474258178,1.1056656041517932
base+s1,42,Marathwada,N,3838,0.1523731922811775,64.69775231666405,46.119658872812565,1.081567712855099
base+s1,42,Marathwada,P,3838,0.2479951839654255,12.634977938198755,5.7104639507279495,0.6158499079349635
base+s1,42,Marathwada,K,3838,0.0092939344493319,181.8063692983835,138.12043660533286,1.4441050718586372
base+s1,42,Marathwada,OC,3838,0.0347106731978474,0.1367242237257178,0.0918086989136409,1.1022496324750792
base+s1,42,North MH,N,5373,0.0397215010073424,61.639555996442795,43.91267088323719,1.0890733866394828
base+s1,42,North MH,P,5373,0.0468008879058322,21.46852552867097,10.142952772794624,0.3479512363354391
base+s1,42,North MH,K,5373,0.0047200472545584,142.66283474957518,102.74332945375107,1.2859691195821152
base+s1,42,North MH,OC,5373,0.1300954580351684,0.3273285148410247,0.199668732991696,0.6415573055161164
base+s1,42,Western MH,N,2729,0.2343813681606678,106.25602112332274,75.46773420079768,1.5105967483358809
base+s1,42,Western MH,P,2729,0.2425949727196413,36.12965191352446,18.75832170156823,0.6743768265002138
base+s1,42,Western MH,K,2729,-0.0265630176237414,232.48990339827623,167.00245218750248,1.1793200306436746
base+s1,42,Western MH,OC,2729,0.1787846086877972,0.2615839493042171,0.1946042321240633,1.4125484418399024
base+s1,42,Konkan,N,1772,0.1370579545404334,293.00862635752867,223.24463060525903,2.2700880321126737
base+s1,42,Konkan,P,1772,0.0161538691339646,28.617556628641633,15.17689348497285,0.6401407442893053
base+s1,42,Konkan,K,1772,-0.0223171550200882,366.9251133847053,240.1552807773163,1.052646673423635
base+s1,42,Konkan,OC,1772,0.0955320510248182,0.650193877786297,0.5009165575814323,1.4814811903175085
base+water,42,Vidarbha,N,3561,0.1285204190464252,90.39671972911574,64.32625031779959,1.2639839182482877
base+water,42,Vidarbha,P,3561,0.036668679445358,18.11297087125068,9.766509190977205,0.8662300685804959
base+water,42,Vidarbha,K,3561,0.2429792543309736,298.63470451796184,188.96462225902613,1.325365049714756
base+water,42,Vidarbha,OC,3561,0.0504040173351714,0.2554898612249395,0.1787791713648207,1.0959338999111243
base+water,42,Marathwada,N,3838,0.1575566217039875,64.4996282729749,45.709094123285965,1.0848899733786412
base+water,42,Marathwada,P,3838,0.2117071567895854,12.936237157765136,5.923804030876731,0.6015079891550387
base+water,42,Marathwada,K,3838,0.0080228296924627,181.92296334731776,138.17177496594402,1.4431795479208314
base+water,42,Marathwada,OC,3838,0.0323285917354658,0.1368928195803279,0.0914557012545879,1.1008921126332758
base+water,42,North MH,N,5373,0.0387007438509926,61.67230811284695,43.975221839501955,1.0884950159018965
base+water,42,North MH,P,5373,0.0406303468990371,21.53790175673797,10.1329430290473,0.3468304426480665
base+water,42,North MH,K,5373,0.0085961027258187,142.38476801750036,102.88001689236988,1.2884805204546257
base+water,42,North MH,OC,5373,0.0962252223178276,0.3336400282575901,0.2025660277932421,0.6294208794331697
base+water,42,Western MH,N,2729,0.2176814356183082,107.40861596625214,76.99580766667843,1.49438663328864
base+water,42,Western MH,P,2729,0.2247896078274415,36.551859758178814,18.961749217123945,0.6665871493597014
base+water,42,Western MH,K,2729,-0.0255213546351522,232.37191863299148,166.48059339412907,1.1799188198512072
base+water,42,Western MH,OC,2729,0.1689233366636525,0.2631498312606774,0.1969216204987858,1.4041430246404816
base+water,42,Konkan,N,1772,0.1478119069983463,291.177171152394,221.830410071535,2.284366502248475
base+water,42,Konkan,P,1772,0.0007688258583434,28.840444342435337,15.37644162829022,0.6351935421828904
base+water,42,Konkan,K,1772,-0.0227301362877259,366.9992185179502,240.62522169828105,1.0524341211399846
base+water,42,Konkan,OC,1772,0.0697558907238768,0.6593936329479585,0.5105029297098188,1.460811800219525
base+worldcover,42,Vidarbha,N,3561,0.1573415667869581,88.88937428472602,64.15303962667383,1.2854179807139607
base+worldcover,42,Vidarbha,P,3561,0.0327776259965675,18.14951463923853,9.821653048665578,0.864485927688603
base+worldcover,42,Vidarbha,K,3561,0.238087068343887,299.5981019943491,191.31231808749055,1.3211031624207863
base+worldcover,42,Vidarbha,OC,3561,0.0464706173371081,0.2560184572397243,0.1794349581412362,1.0936711478493928
base+worldcover,42,Marathwada,N,3838,0.176618579523038,63.7657368624394,44.79164151973568,1.097376168504972
base+worldcover,42,Marathwada,P,3838,0.220794354503979,12.861458543043874,5.875023035156143,0.6050052545718847
base+worldcover,42,Marathwada,K,3838,0.0386405511343723,179.09340049093166,135.19619537472155,1.4659808752321617
base+worldcover,42,Marathwada,OC,3838,0.0364838827372633,0.1365985867106675,0.0911685118352961,1.1032634303261346
base+worldcover,42,North MH,N,5373,0.0599655504353078,60.98636996640427,43.39250689877664,1.1007377556162152
base+worldcover,42,North MH,P,5373,0.0343180397907111,21.60864140894708,10.15648617087431,0.3456950327708728
base+worldcover,42,North MH,K,5373,0.0357715409741349,140.41974946002867,100.80417326629365,1.30651137539754
base+worldcover,42,North MH,OC,5373,0.1155752710109374,0.3300490442025059,0.1993484438178714,0.6362690748201401
base+worldcover,42,Western MH,N,2729,0.3195499088459265,100.17179144674508,69.06263829042938,1.6023473043839178
base+worldcover,42,Western MH,P,2729,0.300934166740177,34.710328510625146,17.85286294069867,0.7019524460144955
base+worldcover,42,Western MH,K,2729,-0.0304986875888781,232.93514066038244,167.09272257002758,1.1770658528493658
base+worldcover,42,Western MH,OC,2729,0.2115832072290757,0.2563070104581288,0.1868679167371383,1.4416304857972768
base+worldcover,42,Konkan,N,1772,0.0479971275812214,307.75755350400823,233.7252880262952,2.161296671444124
base+worldcover,42,Konkan,P,1772,0.0458282259527567,28.182676951520794,14.9268212629292,0.6500185923257888
base+worldcover,42,Konkan,K,1772,0.0165009178889331,359.8915023145097,233.48050221304777,1.0732192828005764
base+worldcover,42,Konkan,OC,1772,0.1070365327212063,0.6460455372094843,0.5047571333101971,1.4909939694973235
base+ALL,42,Vidarbha,N,3561,0.2283409438744815,85.0622354862032,59.92854487293561,1.343251789080156
base+ALL,42,Vidarbha,P,3561,0.2049814861288522,16.45471897664466,8.4917353068816,0.9535258561553024
base+ALL,42,Vidarbha,K,3561,0.3839380410771562,269.4006142234729,170.44871345596545,1.469187444656961
base+ALL,42,Vidarbha,OC,3561,0.2188211439789483,0.2317285136589414,0.1635351190979059,1.2083105163834291
base+ALL,42,Marathwada,N,3838,0.399074051116781,54.475011441465,38.18197053851674,1.2845339202028472
base+ALL,42,Marathwada,P,3838,0.2818362578563088,12.347411287121844,5.21195574654299,0.6301928249620811
base+ALL,42,Marathwada,K,3838,0.1648514022386698,166.92391465876392,125.13264029814864,1.5728573136851942
base+ALL,42,Marathwada,OC,3838,0.0805402627129914,0.1334390902422277,0.0872323153509163,1.1293858874378149
base+ALL,42,North MH,N,5373,0.3020770017406295,52.54902398084491,36.7570330157322,1.2774737742887503
base+ALL,42,North MH,P,5373,0.1925589882885808,19.75903841129969,9.295167192128972,0.3780548346790043
base+ALL,42,North MH,K,5373,0.2367969450902325,124.92756385860882,84.3357240244318,1.468530997751924
base+ALL,42,North MH,OC,5373,0.2784576862969042,0.2981116464719718,0.1808137475809126,0.7044340685285636
base+ALL,42,Western MH,N,2729,0.4542259877682248,89.71265890927941,57.222751067266394,1.7891566469154965
base+ALL,42,Western MH,P,2729,0.3453378762800659,33.58986769462185,16.833054410491147,0.7253675489737382
base+ALL,42,Western MH,K,2729,0.0019090670574518,229.24313812274085,163.27016716466764,1.196022713025326
base+ALL,42,Western MH,OC,2729,0.3553491317939087,0.2317633918262058,0.1616630436529469,1.5942983794312076
base+ALL,42,Konkan,N,1772,0.2669629220532381,270.0552115324243,196.0375368167708,2.4630347706514737
base+ALL,42,Konkan,P,1772,0.0125295075937225,28.67021985554965,15.099078175178631,0.6389648943153803
base+ALL,42,Konkan,K,1772,0.0818642030439132,347.72672719821134,224.64028848820485,1.1107644877117369
base+ALL,42,Konkan,OC,1772,0.2514846390469527,0.5914889608968751,0.4515363842231401,1.6285172905668828
base+ALL-minus-burn,42,Vidarbha,N,3561,0.2218399790883419,85.41979417260693,59.98619255978225,1.3376290718883723
base+ALL-minus-burn,42,Vidarbha,P,3561,0.2030190123555698,16.47501539148249,8.47899428456264,0.9523511588408992
base+ALL-minus-burn,42,Vidarbha,K,3561,0.3957476751078556,266.80597449281896,168.9698689882624,1.48347502619606
base+ALL-minus-burn,42,Vidarbha,OC,3561,0.2181767721045469,0.2318240670369798,0.1634766431977035,1.2078124742558989
base+ALL-minus-burn,42,Marathwada,N,3838,0.401800754345386,54.35128066382167,38.106902802036345,1.287458163733354
base+ALL-minus-burn,42,Marathwada,P,3838,0.2787002086927143,12.374341015046122,5.230117797333345,0.6288213643489118
base+ALL-minus-burn,42,Marathwada,K,3838,0.1662866744553346,166.78041667453283,124.8048640408186,1.5742106011903896
base+ALL-minus-burn,42,Marathwada,OC,3838,0.0827050891637954,0.1332819095114304,0.0869083777401934,1.1307177838653977
base+ALL-minus-burn,42,North MH,N,5373,0.3021646463336653,52.545724345759915,36.74863697140862,1.277553993894404
base+ALL-minus-burn,42,North MH,P,5373,0.1850089984859946,19.851202066939333,9.351779614805832,0.3762996303604565
base+ALL-minus-burn,42,North MH,K,5373,0.2404421286662482,124.62886946097584,83.98251046823373,1.4720505834119402
base+ALL-minus-burn,42,North MH,OC,5373,0.2791465308103256,0.2979693113633831,0.1809005284584834,0.7047705652609916
base+ALL-minus-burn,42,Western MH,N,2729,0.4530837651023971,89.80648737273815,57.298238958414665,1.7872873630365902
base+ALL-minus-burn,42,Western MH,P,2729,0.3443551824931876,33.61506861532519,16.834150513129295,0.7248237473146771
base+ALL-minus-burn,42,Western MH,K,2729,-0.0008149259811731,229.55575053354391,163.169777717758,1.194393951633703
base+ALL-minus-burn,42,Western MH,OC,2729,0.3559362903342818,0.2316578208403566,0.1613709107232142,1.5950249322885373
base+ALL-minus-burn,42,Konkan,N,1772,0.2651836230508867,270.3827650435004,196.8519142276376,2.4600509425701995
base+ALL-minus-burn,42,Konkan,P,1772,0.0155703384198655,28.62604207536905,15.051905426007025,0.6399509911907313
base+ALL-minus-burn,42,Konkan,K,1772,0.0793137057869223,348.2093687669699,224.4231262452904,1.1092248935395042
base+ALL-minus-burn,42,Konkan,OC,1772,0.2438835600422016,0.5944846228314538,0.4545155542216505,1.6203110442321689
base+ALL-minus-groundwater,42,Vidarbha,N,3561,0.1620931693360144,88.63840422457139,63.509275356346365,1.2890575027785312
base+ALL-minus-groundwater,42,Vidarbha,P,3561,0.0771233103677083,17.728569190683444,9.56060854262402,0.885012198742201
base+ALL-minus-groundwater,42,Vidarbha,K,3561,0.3306586205861489,280.8084824708075,178.1509746172852,1.4095015809971012
base+ALL-minus-groundwater,42,Vidarbha,OC,3561,0.1031912336593535,0.248287101474012,0.1739443053238359,1.1277267257852592
base+ALL-minus-groundwater,42,Marathwada,N,3838,0.2649583923721484,60.24802473130051,41.87199728489825,1.1614488659517173
base+ALL-minus-groundwater,42,Marathwada,P,3838,0.2535789671728508,12.58798194274452,5.57822456551812,0.6181491231392311
base+ALL-minus-groundwater,42,Marathwada,K,3838,0.0688756204569986,176.25462907826702,133.01362409396796,1.4895920826193685
base+ALL-minus-groundwater,42,Marathwada,OC,3838,0.0499802843542674,0.1356385140327567,0.0903825255671099,1.111072518206134
base+ALL-minus-groundwater,42,North MH,N,5373,0.0817224384140508,60.27648038586748,42.94374639930972,1.1137013901651
base+ALL-minus-groundwater,42,North MH,P,5373,0.0786480820711454,21.106837930056425,9.932921818137329,0.3539137423025653
base+ALL-minus-groundwater,42,North MH,K,5373,0.0920530987256401,136.2600194131022,96.2764226392407,1.3463964029228612
base+ALL-minus-groundwater,42,North MH,OC,5373,0.1924275708171756,0.3153833649993762,0.190330540319559,0.6658562984145195
base+ALL-minus-groundwater,42,Western MH,N,2729,0.3464277912674155,98.17345849296612,67.08810476784998,1.6349632829885494
base+ALL-minus-groundwater,42,Western MH,P,2729,0.2986641728237599,34.76663821084983,17.785436613966162,0.7008155304586302
base+ALL-minus-groundwater,42,Western MH,K,2729,-0.0206018618350398,231.81389699000917,166.25292932543917,1.1827591165158524
base+ALL-minus-groundwater,42,Western MH,OC,2729,0.235426996216313,0.2524015583094833,0.1834802288552607,1.4639370789737192
base+ALL-minus-groundwater,42,Konkan,N,1772,0.0509114368184646,307.28613258359536,231.6753682987198,2.1646124099630444
base+ALL-minus-groundwater,42,Konkan,P,1772,0.0329485932838102,28.372247545037887,14.986582196825362,0.6456754605330488
base+ALL-minus-groundwater,42,Konkan,K,1772,0.0222608401525868,358.83609152669914,231.8679858433869,1.0763758415623634
base+ALL-minus-groundwater,42,Konkan,OC,1772,0.1322657715488224,0.6368536606290653,0.4955460418252828,1.5125138780682046
base+ALL-minus-hydro,42,Vidarbha,N,3561,0.2275177589411521,85.10759443434674,59.91760045071341,1.3425358895338284
base+ALL-minus-hydro,42,Vidarbha,P,3561,0.2181429297156152,16.317947528662465,8.419480215595524,0.9615179833395422
base+ALL-minus-hydro,42,Vidarbha,K,3561,0.3904896298109003,267.9642979111219,169.56461373987648,1.4770624410990694
base+ALL-minus-hydro,42,Vidarbha,OC,3561,0.2175353277015664,0.2319191472014626,0.1638479174646811,1.2073173059608169
base+ALL-minus-hydro,42,Marathwada,N,3838,0.4104346519531789,53.95762506903553,37.860905676555355,1.2968509994735906
base+ALL-minus-hydro,42,Marathwada,P,3838,0.2817499118797942,12.34815353932574,5.200359123750012,0.6301549438317794
base+ALL-minus-hydro,42,Marathwada,K,3838,0.1677477221729303,166.6342147424744,124.79081316404329,1.575591785911166
base+ALL-minus-hydro,42,Marathwada,OC,3838,0.0859984149281968,0.1330424361273307,0.0866861848044943,1.132753050371678
base+ALL-minus-hydro,42,North MH,N,5373,0.3061994857132595,52.39359611945355,36.68196471463347,1.2812634553075632
base+ALL-minus-hydro,42,North MH,P,5373,0.1907797805074678,19.78079609347788,9.329709457316724,0.3776389971717573
base+ALL-minus-hydro,42,North MH,K,5373,0.2394477438297555,124.71042251200748,83.93737167328985,1.471087951629191
base+ALL-minus-hydro,42,North MH,OC,5373,0.2848764183595491,0.2967827061376676,0.1804051931381932,0.7075883993812898
base+ALL-minus-hydro,42,Western MH,N,2729,0.4471833695200425,90.28962559216116,57.57233514064302,1.7777236193782078
base+ALL-minus-hydro,42,Western MH,P,2729,0.3479199938108892,33.52355968992942,16.85116539230244,0.7268022914439878
base+ALL-minus-hydro,42,Western MH,K,2729,-0.0043792704372265,229.96416198550477,163.8790966064848,1.1922727334239251
base+ALL-minus-hydro,42,Western MH,OC,2729,0.3624883500433861,0.230476481286472,0.1606414707818359,1.6032004564523348
base+ALL-minus-hydro,42,Konkan,N,1772,0.2604620377198117,271.2500504869038,197.1869586628921,2.4521852615548703
base+ALL-minus-hydro,42,Konkan,P,1772,0.0081730159047541,28.73339344873728,15.104061011307111,0.6375600582187781
base+ALL-minus-hydro,42,Konkan,K,1772,0.0806429056056847,347.95792209911036,224.6865804837419,1.1100264585727264
base+ALL-minus-hydro,42,Konkan,OC,1772,0.2535982277082282,0.5906532745508118,0.4506313086283912,1.630821399801001
base+ALL-minus-iolulc,42,Vidarbha,N,3561,0.1723466295836418,88.0944010831845,62.148345663832615,1.2970177286534728
base+ALL-minus-iolulc,42,Vidarbha,P,3561,0.2012185062529681,16.493614725438704,8.499193779805728,0.9512772221968264
base+ALL-minus-iolulc,42,Vidarbha,K,3561,0.3025813595891909,286.6376012729351,180.5094392093412,1.3808376788051644
base+ALL-minus-iolulc,42,Vidarbha,OC,3561,0.2077513050065906,0.233364613692779,0.1647248027217274,1.1998391511431792
base+ALL-minus-iolulc,42,Marathwada,N,3838,0.4001950400686568,54.42417789757066,38.11144704706263,1.2857337070244197
base+ALL-minus-iolulc,42,Marathwada,P,3838,0.2788165445588824,12.373343068181002,5.229198400613762,0.6288720806594362
base+ALL-minus-iolulc,42,Marathwada,K,3838,0.1612984796911108,167.2786050196987,125.45775763722516,1.5695222946717091
base+ALL-minus-iolulc,42,Marathwada,OC,3838,0.0833914216342265,0.1332320385166271,0.0870651178804909,1.131141030566048
base+ALL-minus-iolulc,42,North MH,N,5373,0.3050331932911556,52.4376149650862,36.7230083792069,1.280187896507044
base+ALL-minus-iolulc,42,North MH,P,5373,0.184967574669678,19.851706552324956,9.352989628464456,0.3762900675723087
base+ALL-minus-iolulc,42,North MH,K,5373,0.2385299228700793,124.78564898522824,84.09606466404658,1.470201112803584
base+ALL-minus-iolulc,42,North MH,OC,5373,0.2854702489086693,0.2966594580420078,0.1802040959765141,0.7078823691852879
base+ALL-minus-iolulc,42,Western MH,N,2729,0.4520251962070818,89.89335661500503,57.15484483739921,1.7855602020450931
base+ALL-minus-iolulc,42,Western MH,P,2729,0.3491352781768408,33.49230611871098,16.770184117469963,0.7274805119014522
base+ALL-minus-iolulc,42,Western MH,K,2729,0.0034834076815369,229.06226822159877,162.88981333049557,1.1969671047470534
base+ALL-minus-iolulc,42,Western MH,OC,2729,0.36116167787865,0.2307161693151402,0.1606305338851532,1.601534912341977
base+ALL-minus-iolulc,42,Konkan,N,1772,0.264361486903837,270.53397921734734,196.56181601465025,2.458675904314457
base+ALL-minus-iolulc,42,Konkan,P,1772,0.0169641779478766,28.605769300159583,14.979494200397374,0.6404045214717509
base+ALL-minus-iolulc,42,Konkan,K,1772,0.0812484907617542,347.8433024015218,224.70724340784463,1.1103922292979884
base+ALL-minus-iolulc,42,Konkan,OC,1772,0.2285688271551026,0.6004749258621347,0.458136630203911,1.6041469152388157
base+ALL-minus-lgrip,42,Vidarbha,N,3561,0.2318635473756904,84.86785995744754,59.850527689167,1.3463282808979695
base+ALL-minus-lgrip,42,Vidarbha,P,3561,0.2068857756166812,16.435000357479655,8.471416816645755,0.9546698910085144
base+ALL-minus-lgrip,42,Vidarbha,K,3561,0.3817952350555241,269.8687263578483,170.77733133272196,1.4666390038657746
base+ALL-minus-lgrip,42,Vidarbha,OC,3561,0.2043223250918961,0.2338690882318525,0.1647914395120737,1.1972510010489898
base+ALL-minus-lgrip,42,Marathwada,N,3838,0.3796589401172906,55.34802329363527,38.809500050647614,1.264272793063718
base+ALL-minus-lgrip,42,Marathwada,P,3838,0.2764172358905425,12.393908444576455,5.239584107534667,0.6278285848888173
base+ALL-minus-lgrip,42,Marathwada,K,3838,0.1640493159484808,167.00405324278026,124.74385557258812,1.572102562195449
base+ALL-minus-lgrip,42,Marathwada,OC,3838,0.0797790143783905,0.1334943179289093,0.0874198861897257,1.128918651296969
base+ALL-minus-lgrip,42,North MH,N,5373,0.3085016490872311,52.30659788233831,36.70817396249348,1.2833944993135735
base+ALL-minus-lgrip,42,North MH,P,5373,0.1743374356966439,19.980746060983737,9.3676390386388,0.3738599137990456
base+ALL-minus-lgrip,42,North MH,K,5373,0.2330607845922016,125.2329737966763,84.72208982463262,1.4649496409616447
base+ALL-minus-lgrip,42,North MH,OC,5373,0.2733575590929733,0.2991633727829465,0.1815337135943672,0.7019575894150729
base+ALL-minus-lgrip,42,Western MH,N,2729,0.4544138878854433,89.69721435724077,57.119070083182535,1.7894647135944517
base+ALL-minus-lgrip,42,Western MH,P,2729,0.3476843337892519,33.529616806449845,16.800580057719536,0.7266709947998299
base+ALL-minus-lgrip,42,Western MH,K,2729,-0.0002274163265032,229.4883624407481,163.6766925570017,1.1947446793551066
base+ALL-minus-lgrip,42,Western MH,OC,2729,0.3560021002850048,0.2316459852261108,0.1617214317959033,1.5951064277644575
base+ALL-minus-lgrip,42,Konkan,N,1772,0.2896586935566888,265.84171278641634,193.60400135967555,2.5020730156610216
base+ALL-minus-lgrip,42,Konkan,P,1772,0.0147857918371255,28.6374466436929,15.047220888128624,0.6396961372963266
base+ALL-minus-lgrip,42,Konkan,K,1772,0.0822516861438554,347.6533434734883,224.48824579888404,1.1109989512568992
base+ALL-minus-lgrip,42,Konkan,OC,1772,0.2437229901318529,0.5945477422600735,0.4536300939461241,1.6201390259062574
base+ALL-minus-ndvi,42,Vidarbha,N,3561,0.2278968175361431,85.08671063791016,59.84432168055647,1.3428654033441003
base+ALL-minus-ndvi,42,Vidarbha,P,3561,0.1983912611058295,16.522778084247424,8.450815987387621,0.9495981801606728
base+ALL-minus-ndvi,42,Vidarbha,K,3561,0.3934100463811655,267.32156312944113,168.9864567081458,1.4806138171814731
base+ALL-minus-ndvi,42,Vidarbha,OC,3561,0.2230126006089263,0.2311060016835372,0.1626418960992895,1.211565246944193
base+ALL-minus-ndvi,42,Marathwada,N,3838,0.4014594813441737,54.3667821711044,37.957841497635314,1.2870910729969829
base+ALL-minus-ndvi,42,Marathwada,P,3838,0.2812427957226858,12.352511939944906,5.229151992369311,0.6299326030066323
base+ALL-minus-ndvi,42,Marathwada,K,3838,0.1564572172610135,167.76070401534415,125.822215361352,1.5650119111087313
base+ALL-minus-ndvi,42,Marathwada,OC,3838,0.0827664077983448,0.1332774546729758,0.0869863034848909,1.1307555784427117
base+ALL-minus-ndvi,42,North MH,N,5373,0.3052589234166896,52.42909821967075,36.669594337088064,1.2803958542016969
base+ALL-minus-ndvi,42,North MH,P,5373,0.2039747199441344,19.61886295087752,9.306586983387303,0.3807560111258068
base+ALL-minus-ndvi,42,North MH,K,5373,0.2205397779178435,126.25110837616032,85.2936383560609,1.4531357574571782
base+ALL-minus-ndvi,42,North MH,OC,5373,0.2729258545473726,0.2992522273584735,0.1820404661127116,0.7017491627503961
base+ALL-minus-ndvi,42,Western MH,N,2729,0.4500578878916149,90.05457707956985,57.2898987153414,1.7823635977789067
base+ALL-minus-ndvi,42,Western MH,P,2729,0.3444524847250928,33.61257416827344,16.769266864267042,0.7248775377340149
base+ALL-minus-ndvi,42,Western MH,K,2729,0.001556756112459,229.28359422650075,163.06856076706066,1.1958116799632328
base+ALL-minus-ndvi,42,Western MH,OC,2729,0.3525339666845859,0.2322688913835552,0.1619915445968336,1.5908286202211614
base+ALL-minus-ndvi,42,Konkan,N,1772,0.2561528440605182,272.0391724030013,198.19698107348847,2.445072046516274
base+ALL-minus-ndvi,42,Konkan,P,1772,0.0111053250039915,28.690887266118057,15.072383108293776,0.6385046175143485
base+ALL-minus-ndvi,42,Konkan,K,1772,0.0848684939616059,347.1573516017044,225.4471737929968,1.1125862615841655
base+ALL-minus-ndvi,42,Konkan,OC,1772,0.2470599757406859,0.5932346052642475,0.452433445411372,1.6237252369506234
base+ALL-minus-s1,42,Vidarbha,N,3561,0.2225137396741894,85.38280630880097,60.06124692700402,1.3382085333054046
base+ALL-minus-s1,42,Vidarbha,P,3561,0.2046132211171252,16.458529577025043,8.487421307383977,0.953305088803446
base+ALL-minus-s1,42,Vidarbha,K,3561,0.3838688137803593,269.41575016240944,169.93374293966127,1.4691049048223923
base+ALL-minus-s1,42,Vidarbha,OC,3561,0.2232902002995805,0.2310647135713223,0.1631694355661829,1.2117817371260924
base+ALL-minus-s1,42,Marathwada,N,3838,0.40418493918105,54.24286120730278,37.99404809130379,1.2900315072350788
base+ALL-minus-s1,42,Marathwada,P,3838,0.2795485225738549,12.367062201404975,5.221484809581884,0.629191466273696
base+ALL-minus-s1,42,Marathwada,K,3838,0.1641468006171967,166.99431534210197,124.73508656572324,1.5721942358465872
base+ALL-minus-s1,42,Marathwada,OC,3838,0.0836603062901052,0.1332124954536001,0.0868718308200209,1.131306975662846
base+ALL-minus-s1,42,North MH,N,5373,0.3058929471444783,52.4051692474838,36.57288974416309,1.2809805018084777
base+ALL-minus-s1,42,North MH,P,5373,0.1903115815112586,19.786517656922957,9.329851141472414,0.3775297972852933
base+ALL-minus-s1,42,North MH,K,5373,0.2433166248773395,124.39282109109551,83.71889399192652,1.4748439531381663
base+ALL-minus-s1,42,North MH,OC,5373,0.2840484487938431,0.296954463838093,0.1803646219238181,0.7071791320655049
base+ALL-minus-s1,42,Western MH,N,2729,0.453000054190446,89.81335999310647,57.031378345608694,1.7871505977765418
base+ALL-minus-s1,42,Western MH,P,2729,0.3488757017161047,33.498984117497415,16.85650650686186,0.7273354891760289
base+ALL-minus-s1,42,Western MH,K,2729,0.0021373120840708,229.21692478078,163.28920830839365,1.196159490675578
base+ALL-minus-s1,42,Western MH,OC,2729,0.3618763756740114,0.2305870768078289,0.1609986004265121,1.6024315200801167
base+ALL-minus-s1,42,Konkan,N,1772,0.2545855002541639,272.32562543403355,198.1426859302961,2.4425001317443886
base+ALL-minus-s1,42,Konkan,P,1772,0.0140810703897853,28.647686962518268,15.0460201060761,0.6394674733764143
base+ALL-minus-s1,42,Konkan,K,1772,0.0815665010722889,347.7830971505505,224.5438672294076,1.1105844509539262
base+ALL-minus-s1,42,Konkan,OC,1772,0.2498110136099399,0.5921498546385329,0.451838254739983,1.626699715375255
base+ALL-minus-soilgrids,42,Vidarbha,N,3561,0.2283409438744815,85.0622354862032,59.92854487293562,1.343251789080156
base+ALL-minus-soilgrids,42,Vidarbha,P,3561,0.2049814861288522,16.45471897664466,8.4917353068816,0.9535258561553024
base+ALL-minus-soilgrids,42,Vidarbha,K,3561,0.3839380410771562,269.4006142234729,170.44871345596545,1.469187444656961
base+ALL-minus-soilgrids,42,Vidarbha,OC,3561,0.2188211439789483,0.2317285136589414,0.1635351190979059,1.2083105163834291
base+ALL-minus-soilgrids,42,Marathwada,N,3838,0.399074051116781,54.475011441465,38.18197053851674,1.2845339202028472
base+ALL-minus-soilgrids,42,Marathwada,P,3838,0.2818362578563089,12.347411287121842,5.21195574654299,0.6301928249620812
base+ALL-minus-soilgrids,42,Marathwada,K,3838,0.1648514022386698,166.92391465876392,125.13264029814862,1.5728573136851942
base+ALL-minus-soilgrids,42,Marathwada,OC,3838,0.0805402627129914,0.1334390902422277,0.0872323153509163,1.1293858874378149
base+ALL-minus-soilgrids,42,North MH,N,5373,0.3020770017406295,52.54902398084491,36.7570330157322,1.2774737742887503
base+ALL-minus-soilgrids,42,North MH,P,5373,0.1925589882885808,19.75903841129969,9.295167192128972,0.3780548346790043
base+ALL-minus-soilgrids,42,North MH,K,5373,0.2367969450902325,124.92756385860882,84.3357240244318,1.468530997751924
base+ALL-minus-soilgrids,42,North MH,OC,5373,0.2784576862969042,0.2981116464719718,0.1808137475809126,0.7044340685285636
base+ALL-minus-soilgrids,42,Western MH,N,2729,0.4542259877682248,89.71265890927941,57.222751067266394,1.7891566469154965
base+ALL-minus-soilgrids,42,Western MH,P,2729,0.3453378762800659,33.58986769462185,16.833054410491147,0.7253675489737382
base+ALL-minus-soilgrids,42,Western MH,K,2729,0.0019090670574518,229.24313812274085,163.27016716466764,1.196022713025326
base+ALL-minus-soilgrids,42,Western MH,OC,2729,0.3553491317939087,0.2317633918262058,0.1616630436529469,1.5942983794312076
base+ALL-minus-soilgrids,42,Konkan,N,1772,0.2669629220532381,270.0552115324243,196.03753681677077,2.4630347706514737
base+ALL-minus-soilgrids,42,Konkan,P,1772,0.0125295075937225,28.67021985554965,15.099078175178631,0.6389648943153803
base+ALL-minus-soilgrids,42,Konkan,K,1772,0.0818642030439134,347.72672719821134,224.64028848820485,1.1107644877117369
base+ALL-minus-soilgrids,42,Konkan,OC,1772,0.2514846390469527,0.5914889608968751,0.4515363842231401,1.6285172905668828
base+ALL-minus-water,42,Vidarbha,N,3561,0.2264713268215806,85.16521982388845,59.88957448917512,1.3416274887363184
base+ALL-minus-water,42,Vidarbha,P,3561,0.206078374474661,16.443363757226795,8.478384548807579,0.9541843281977086
base+ALL-minus-water,42,Vidarbha,K,3561,0.3934492536375013,267.31292375588,169.32725795575618,1.4806616696223005
base+ALL-minus-water,42,Vidarbha,OC,3561,0.2229675275272711,0.231112704822243,0.1629615796473355,1.211530106989825
base+ALL-minus-water,42,Marathwada,N,3838,0.3998262479011688,54.44090677412713,38.23484401525174,1.2853386202827797
base+ALL-minus-water,42,Marathwada,P,3838,0.2826821237839371,12.34013764529174,5.215013142089215,0.6305642792379111
base+ALL-minus-water,42,Marathwada,K,3838,0.1677336023963449,166.63562827294288,124.5236291424966,1.5755784205401566
base+ALL-minus-water,42,Marathwada,OC,3838,0.0807995636413506,0.1334202730399039,0.0871627645791312,1.1295451726968044
base+ALL-minus-water,42,North MH,N,5373,0.3062009572796851,52.393540555428835,36.683775694108014,1.2812648141039635
base+ALL-minus-water,42,North MH,P,5373,0.1917101341073137,19.769421916872627,9.298281611176108,0.3778562687068038
base+ALL-minus-water,42,North MH,K,5373,0.2440660443803795,124.33120648283048,83.67235710340648,1.4755748390918648
base+ALL-minus-water,42,North MH,OC,5373,0.2791886238862088,0.2979606115176624,0.1809975085546047,0.7047911431325266
base+ALL-minus-water,42,Western MH,N,2729,0.4519889853061722,89.8963267019802,57.07359719517605,1.7855012088771405
base+ALL-minus-water,42,Western MH,P,2729,0.3502747041000548,33.46297689168429,16.79553996093394,0.728118125260243
base+ALL-minus-water,42,Western MH,K,2729,-0.001546191022689,229.6395999239863,163.36996289469542,1.1939578369356034
base+ALL-minus-water,42,Western MH,OC,2729,0.3631588079587629,0.2303552557134099,0.1603447153307067,1.6040441484856027
base+ALL-minus-water,42,Konkan,N,1772,0.249184055779832,273.31051145572263,198.3447197229303,2.433698478910342
base+ALL-minus-water,42,Konkan,P,1772,0.0104889293851323,28.699827643027636,15.068523865172263,0.6383057148585525
base+ALL-minus-water,42,Konkan,K,1772,0.0707028253484595,349.8339237942184,225.8954364029575,1.104073886862951
base+ALL-minus-water,42,Konkan,OC,1772,0.2479066689189369,0.5929009605088273,0.4526913914390457,1.6246389602292757
base+ALL-minus-worldcover,42,Vidarbha,N,3561,0.2162951664256172,85.72358517098856,59.86604594826742,1.3328887233553202
base+ALL-minus-worldcover,42,Vidarbha,P,3561,0.217274199156776,16.327010543277503,8.394550598585887,0.9609842511224576
base+ALL-minus-worldcover,42,Vidarbha,K,3561,0.3993878683293793,266.0011017443913,168.14844010700864,1.4879637618205674
base+ALL-minus-worldcover,42,Vidarbha,OC,3561,0.2252111519117553,0.230778803110102,0.1632545339601298,1.2132830061797963
base+ALL-minus-worldcover,42,Marathwada,N,3838,0.3926735945128858,54.764349464034105,38.627383047061265,1.277747306136729
base+ALL-minus-worldcover,42,Marathwada,P,3838,0.2758477163063819,12.398785001591978,5.266522067869777,0.6275816540895663
base+ALL-minus-worldcover,42,Marathwada,K,3838,0.1704171692888754,166.3667606905257,124.17920147502586,1.5781247342333549
base+ALL-minus-worldcover,42,Marathwada,OC,3838,0.0807536540175023,0.1334236048475416,0.0868566800132761,1.1295169660894513
base+ALL-minus-worldcover,42,North MH,N,5373,0.3069560870795114,52.36502026890076,36.59096807123704,1.281962647112123
base+ALL-minus-worldcover,42,North MH,P,5373,0.1826634392774814,19.87974760679652,9.36891214370288,0.3757592977410913
base+ALL-minus-worldcover,42,North MH,K,5373,0.2450327671524275,124.25168084463849,83.42956101650329,1.476519261171157
base+ALL-minus-worldcover,42,North MH,OC,5373,0.2911932259028192,0.2954690328097185,0.1797196125693498,0.7107343805306311
base+ALL-minus-worldcover,42,Western MH,N,2729,0.4525010403435585,89.85431785212963,57.43437574464369,1.7863359695651595
base+ALL-minus-worldcover,42,Western MH,P,2729,0.3382654482482886,33.770818867848945,16.761008736919642,0.7214808765918428
base+ALL-minus-worldcover,42,Western MH,K,2729,0.0053160614579838,228.851541668021,162.66101623859063,1.1980692723395936
base+ALL-minus-worldcover,42,Western MH,OC,2729,0.3820249209714496,0.2269175223599596,0.1591892141043689,1.62834494294302
base+ALL-minus-worldcover,42,Konkan,N,1772,0.2798406523428297,267.67258473793055,193.38095410289696,2.484958915950364
base+ALL-minus-worldcover,42,Konkan,P,1772,0.0228511084279007,28.519987558465072,14.904662459670194,0.642330714992287
base+ALL-minus-worldcover,42,Konkan,K,1772,0.0755193644764942,348.9261529404587,225.8928816894356,1.1069462599609412
base+ALL-minus-worldcover,42,Konkan,OC,1772,0.2779649748476904,0.5809321576964712,0.4409491481364275,1.658110998398688
ALL_new_only,42,Vidarbha,N,3561,0.1749700256851389,87.95467475520168,61.779633017038115,1.2990781936038325
ALL_new_only,42,Vidarbha,P,3561,0.2102723335803037,16.39987450730486,8.644612811267274,0.9567146378474622
ALL_new_only,42,Vidarbha,K,3561,0.3748088268209557,271.3893521002125,171.5911572772332,1.458421256902695
ALL_new_only,42,Vidarbha,OC,3561,0.1993037109001509,0.2346054754932682,0.1665194228199499,1.1934930308480132
ALL_new_only,42,Marathwada,N,3838,0.3959480338906074,54.616517176645175,38.39315027840576,1.281205825953368
ALL_new_only,42,Marathwada,P,3838,0.2453928800220144,12.656820655202448,5.555875563738995,0.6147870947986928
ALL_new_only,42,Marathwada,K,3838,0.1498096163858785,168.42043208388904,126.38262963894576,1.5588815249519543
ALL_new_only,42,Marathwada,OC,3838,0.0778284501162434,0.1336357249447712,0.0872813315757417,1.127724082870773
ALL_new_only,42,North MH,N,5373,0.3010011074141318,52.58951227592118,36.945870881571075,1.2764902562280729
ALL_new_only,42,North MH,P,5373,0.1900984103053283,19.789122139185356,9.343478794477978,0.3774801099038298
ALL_new_only,42,North MH,K,5373,0.2380683723090937,124.82346147658886,84.58918409532362,1.4697557480763237
ALL_new_only,42,North MH,OC,5373,0.2745568262697957,0.2989163978273741,0.1817989157893926,0.7025375707935438
ALL_new_only,42,Western MH,N,2729,0.4534207987913218,89.77881176693101,57.40218241242901,1.787838319989015
ALL_new_only,42,Western MH,P,2729,0.3486263477918507,33.50539787259707,16.751338483845824,0.7271962593205709
ALL_new_only,42,Western MH,K,2729,-0.0120834020081876,230.84445181028943,164.14759218357125,1.1877261846662197
ALL_new_only,42,Western MH,OC,2729,0.341835100476601,0.2341800588367608,0.1631879419789466,1.577845704862369
ALL_new_only,42,Konkan,N,1772,0.2398664889946101,275.0011633843773,200.48052686340944,2.4187365893805053
ALL_new_only,42,Konkan,P,1772,0.0041617557300671,28.79143825883123,15.153156442624324,0.6362747090059285
ALL_new_only,42,Konkan,K,1772,0.1046577468997277,343.38328653450316,228.42021928504724,1.124814500723204
ALL_new_only,42,Konkan,OC,1772,0.226997155242921,0.6010863021009859,0.4575119855864256,1.6025153070917402
pHEC+ALL_new,42,Vidarbha,N,3561,0.2222100032748071,85.39948270240048,59.92540954089371,1.3379472144833997
pHEC+ALL_new,42,Vidarbha,P,3561,0.2105703227209634,16.396780120588087,8.472978253992986,0.9568951882387786
pHEC+ALL_new,42,Vidarbha,K,3561,0.3954192487948933,266.87847251670536,167.87417434611285,1.4830720374991082
pHEC+ALL_new,42,Vidarbha,OC,3561,0.2222098791921083,0.231225351011137,0.1625887320307849,1.2109398851621322
pHEC+ALL_new,42,Marathwada,N,3838,0.4017750434064425,54.35244867552816,37.972547337518606,1.2874304967883772
pHEC+ALL_new,42,Marathwada,P,3838,0.2770825066589247,12.388209579509914,5.245803388188555,0.6281174006670165
pHEC+ALL_new,42,Marathwada,K,3838,0.1613663217167702,167.2718393535814,125.00350693495976,1.5695857773466797
pHEC+ALL_new,42,Marathwada,OC,3838,0.0887915533041892,0.132838995413176,0.0861718493613354,1.1344878428459189
pHEC+ALL_new,42,North MH,N,5373,0.3101737553658881,52.24331853573101,36.53490619245484,1.2849490017386145
pHEC+ALL_new,42,North MH,P,5373,0.2055390947415161,19.59957565610108,9.21885957261177,0.3811307005350747
pHEC+ALL_new,42,North MH,K,5373,0.2420435795772167,124.49741645563202,83.7430191652028,1.4736048764946128
pHEC+ALL_new,42,North MH,OC,5373,0.2899559554354149,0.2957268010243508,0.1796576729482511,0.710114873838263
pHEC+ALL_new,42,Western MH,N,2729,0.4540681706682229,89.72562871728645,57.18733735218365,1.788898024952778
pHEC+ALL_new,42,Western MH,P,2729,0.3523020971799078,33.410727414323,16.737479929392574,0.7292567952158641
pHEC+ALL_new,42,Western MH,K,2729,0.0040910000760728,228.99242607640377,162.87768726754302,1.1973321768664933
pHEC+ALL_new,42,Western MH,OC,2729,0.3532032861917213,0.2321488060894944,0.1620322723843758,1.5916515196617296
pHEC+ALL_new,42,Konkan,N,1772,0.252584447678204,272.69090721040703,198.41992038667135,2.4392282925912494
pHEC+ALL_new,42,Konkan,P,1772,0.0134337481447162,28.65708998825866,15.00194844047181,0.6392576499395347
pHEC+ALL_new,42,Konkan,K,1772,0.0906013720801789,346.06825265149473,222.98406014360484,1.1160876417894434
pHEC+ALL_new,42,Konkan,OC,1772,0.2660346915524574,0.5857119051594257,0.446784893895926,1.6445798548995032
diag:lonlat_only,42,Vidarbha,N,3561,0.3725218812156725,76.70494383442013,52.4369308514575,1.4896041153051156
diag:lonlat_only,42,Vidarbha,P,3561,0.2451464279269113,16.03367977663925,7.963776321799029,0.9785651340536322
diag:lonlat_only,42,Vidarbha,K,3561,0.5190717904579314,238.0271580459913,149.47166696462895,1.662835464865417
diag:lonlat_only,42,Vidarbha,OC,3561,0.383237543354164,0.2059032496596886,0.1435863747411198,1.3598619762571813
diag:lonlat_only,42,Marathwada,N,3838,0.5506185645748733,47.10797270568138,32.936685141258124,1.485417350417221
diag:lonlat_only,42,Marathwada,P,3838,0.504425014245939,10.256964810618362,4.247448693606229,0.7586308565614442
diag:lonlat_only,42,Marathwada,K,3838,0.2552634125476747,157.62969244758867,111.97825707732991,1.6655967281500352
diag:lonlat_only,42,Marathwada,OC,3838,0.0956176127684167,0.1323404972525434,0.0852504230535191,1.138761214298042
diag:lonlat_only,42,North MH,N,5373,0.4078976576100905,48.4015521440513,35.36661291969339,1.3869389932002516
diag:lonlat_only,42,North MH,P,5373,0.4114090236010623,16.870082372300494,8.260192529826746,0.4427957039655729
diag:lonlat_only,42,North MH,K,5373,0.3460395350597405,115.64156703012765,74.59352035112653,1.5864537701413532
diag:lonlat_only,42,North MH,OC,5373,0.3822638366714017,0.2758351157012383,0.1689051013996546,0.7613243856429596
diag:lonlat_only,42,Western MH,N,2729,0.5527611820615388,81.21140944271957,51.00925992657545,1.9764464266958903
diag:lonlat_only,42,Western MH,P,2729,0.4254643693586069,31.467204992565048,16.293889153431348,0.7742981941280414
diag:lonlat_only,42,Western MH,K,2729,0.0064856145650157,228.71695984525556,163.22912927396987,1.1987742412521736
diag:lonlat_only,42,Western MH,OC,2729,0.5764991116464799,0.1878493579225508,0.1237702846856752,1.9670016660495724
diag:lonlat_only,42,Konkan,N,1772,0.5464389005638107,212.42591187892484,149.9823388761187,3.131234650785516
diag:lonlat_only,42,Konkan,P,1772,0.0793706641005652,27.68288602472558,14.199847475279988,0.661754124322072
diag:lonlat_only,42,Konkan,K,1772,0.0844880779322607,347.2294999752496,228.6728605215426,1.112355085116706
diag:lonlat_only,42,Konkan,OC,1772,0.2276293654572784,0.6008404487811286,0.4418528797384738,1.6031710281058127
diag:base+lonlat,42,Vidarbha,N,3561,0.3476787306767851,78.2086578459184,55.1850658349579,1.4609635703646469
diag:base+lonlat,42,Vidarbha,P,3561,0.1850335126574039,16.659874423467222,8.386361410550592,0.9417838094805174
diag:base+lonlat,42,Vidarbha,K,3561,0.4519192290244144,254.10234210988529,161.04782321571324,1.5576401095462482
diag:base+lonlat,42,Vidarbha,OC,3561,0.2375292482415415,0.2289369172530811,0.1590015982416839,1.2230443362285273
diag:base+lonlat,42,Marathwada,N,3838,0.5223729730490221,48.56588398368686,33.890905467645005,1.4408262397427871
diag:base+lonlat,42,Marathwada,P,3838,0.4855790562370327,10.450173426935802,4.2869981561211015,0.7446048675080809
diag:base+lonlat,42,Marathwada,K,3838,0.2525627473267567,157.9152429335898,113.8552729224956,1.662584910250954
diag:base+lonlat,42,Marathwada,OC,3838,0.1022845802595985,0.1318517980642009,0.0850526834511306,1.142981950680206
diag:base+lonlat,42,North MH,N,5373,0.3454003954702457,50.891912118880306,36.19077504161162,1.3190701077056908
diag:base+lonlat,42,North MH,P,5373,0.2913171919190876,18.511275822831355,8.798272836558679,0.4035378258902439
diag:base+lonlat,42,North MH,K,5373,0.3083082091356514,118.93085246441709,76.12263382524849,1.5425770201629505
diag:base+lonlat,42,North MH,OC,5373,0.3627464866096695,0.2801587300439683,0.1684548956327548,0.7495750711285792
diag:base+lonlat,42,Western MH,N,2729,0.4844900883393741,87.18982626351531,55.6674194408593,1.840925792361231
diag:base+lonlat,42,Western MH,P,2729,0.4192552376596987,31.63678452216532,16.422074339921163,0.7701478000373089
diag:base+lonlat,42,Western MH,K,2729,-0.0088955842483,230.48061300754512,164.6228889391633,1.18960114007951
diag:base+lonlat,42,Western MH,OC,2729,0.5653977635285855,0.1902955053075538,0.1308387977333289,1.941716907095717
diag:base+lonlat,42,Konkan,N,1772,0.4721338626523416,229.16669051512832,167.80981302736953,2.902495884130639
diag:base+lonlat,42,Konkan,P,1772,0.0946956817427903,27.45151110945299,14.200927904319908,0.6673317154366675
diag:base+lonlat,42,Konkan,K,1772,0.0909878554514544,345.994707434699,223.01873442176915,1.116324879255262
diag:base+lonlat,42,Konkan,OC,1772,0.2428941360425971,0.5948734551759264,0.4394919650381874,1.619251946138916
diag:base+lonlat+ALL,42,Vidarbha,N,3561,0.3176980232246306,79.98570519304606,55.64647914099036,1.4285052525852298
diag:base+lonlat+ALL,42,Vidarbha,P,3561,0.2359789872951039,16.13074775324698,8.066079638003918,0.9726765454404764
diag:base+lonlat+ALL,42,Vidarbha,K,3561,0.472456261446957,249.2961787942462,157.844141440414,1.5876697425301052
diag:base+lonlat+ALL,42,Vidarbha,OC,3561,0.2909615812033845,0.2207695233520371,0.1560072233479643,1.268291002076018
diag:base+lonlat+ALL,42,Marathwada,N,3838,0.5136612293236367,49.006794610254346,33.994775934809766,1.4278632290992197
diag:base+lonlat+ALL,42,Marathwada,P,3838,0.4751052102215432,10.55602251638654,4.26704451555965,0.7371384428103341
diag:base+lonlat+ALL,42,Marathwada,K,3838,0.2523721733222833,157.93537346765777,115.02134566774436,1.6623729962164864
diag:base+lonlat+ALL,42,Marathwada,OC,3838,0.1227539228384917,0.1303399144413479,0.0835395320084319,1.1562400205497212
diag:base+lonlat+ALL,42,North MH,N,5373,0.3458147887120621,50.87580104656416,35.785677305727575,1.31948782366216
diag:base+lonlat+ALL,42,North MH,P,5373,0.3011165843204911,18.38284692161264,8.744336255245788,0.4063570801548454
diag:base+lonlat+ALL,42,North MH,K,5373,0.3140713453419265,118.43435359102637,76.13510301826203,1.5490437903981653
diag:base+lonlat+ALL,42,North MH,OC,5373,0.3721507986480713,0.2780838156676106,0.1697364635585296,0.7551680039194002
diag:base+lonlat+ALL,42,Western MH,N,2729,0.5024582927543377,85.65683995204954,53.21209189542766,1.8738725370893097
diag:base+lonlat+ALL,42,Western MH,P,2729,0.4381567472768242,31.117684311581662,15.842114243660834,0.7829952819121445
diag:base+lonlat+ALL,42,Western MH,K,2729,0.0147272846210619,227.76632676580653,161.5898958310491,1.2037775903631134
diag:base+lonlat+ALL,42,Western MH,OC,2729,0.5737955994219879,0.1884479931650474,0.1273887822514284,1.9607531701140628
diag:base+lonlat+ALL,42,Konkan,N,1772,0.4391163410140819,236.2250693624329,171.4741650068049,2.815769629342229
diag:base+lonlat+ALL,42,Konkan,P,1772,0.0388284200680177,28.28586214054616,14.761638734125157,0.6476473620982685
diag:base+lonlat+ALL,42,Konkan,K,1772,0.1382121116660729,336.88742930480555,216.54765673297032,1.1465031532848902
diag:base+lonlat+ALL,42,Konkan,OC,1772,0.3069708369494884,0.5691438406401282,0.4277107615141773,1.6924544047013002
base_41,7,Vidarbha,N,3561,0.150158062786528,89.26745279686705,63.978394114073154,1.2799737913436922
base_41,7,Vidarbha,P,3561,0.0258254591588689,18.214625069445177,9.857680924929609,0.8613957158151881
base_41,7,Vidarbha,K,3561,0.2395784876916435,299.3047316737121,191.1059842985541,1.3223980716465331
base_41,7,Vidarbha,OC,3561,0.0552784110329301,0.2548332870336497,0.1784722007508821,1.098757557379178
base_41,7,Marathwada,N,3838,0.1315720953742639,65.48679500959493,46.718759935033695,1.0685360306569816
base_41,7,Marathwada,P,3838,0.2087758106739468,12.96026718758471,5.961835251249567,0.6003927147006699
base_41,7,Marathwada,K,3838,0.0121466011776941,181.54443143467316,137.85402404230058,1.446188670868018
base_41,7,Marathwada,OC,3838,0.0201789696747092,0.1377495194634524,0.0924148777409206,1.094045379897661
base_41,7,North MH,N,5373,0.0397740271632706,61.63787016612966,44.02685718849397,1.0891031734073169
base_41,7,North MH,P,5373,0.0438753440103215,21.501445720878664,10.125644773609574,0.3474184990615011
base_41,7,North MH,K,5373,0.01166089253808,142.16451612936422,102.6197429342188,1.2904767307269451
base_41,7,North MH,OC,5373,0.1155941148909635,0.3300455281103409,0.2004383362445956,0.6362758532204463
base_41,7,Western MH,N,2729,0.21605753188895,107.5200353034184,76.9959093326113,1.4928380515040334
base_41,7,Western MH,P,2729,0.2272277277249541,36.494334730682525,19.06066903968004,0.6676378725576599
base_41,7,Western MH,K,2729,-0.0324748775468715,233.15838383942136,167.01381896105974,1.175938842451536
base_41,7,Western MH,OC,2729,0.1722986641358013,0.2626149103688699,0.1960634401669586,1.4070031266731913
base_41,7,Konkan,N,1772,0.1427329144470867,292.0435818177459,222.4532776408819,2.277589433261711
base_41,7,Konkan,P,1772,0.0212619169910077,28.54316995535934,15.184868243935744,0.6418090222162002
base_41,7,Konkan,K,1772,-0.0219795094035997,366.86451531751726,239.9033590957993,1.052820547840969
base_41,7,Konkan,OC,1772,0.0938488138423214,0.6507986099909423,0.5025484123229895,1.4801045749212745
base+ALL,7,Vidarbha,N,3561,0.2236244909906263,85.32179367977466,60.07974360243558,1.3391654707686376
base+ALL,7,Vidarbha,P,3561,0.204321408881522,16.461548460419227,8.47579666532714,0.9531302621819346
base+ALL,7,Vidarbha,K,3561,0.3787232725868241,270.53840678083526,170.5562586983957,1.4630085417803167
base+ALL,7,Vidarbha,OC,3561,0.2124918260198895,0.232665382688482,0.1639711043375362,1.2034450366640692
base+ALL,7,Marathwada,N,3838,0.4021963029614005,54.33330828332782,38.08700681977214,1.2878840293527982
base+ALL,7,Marathwada,P,3838,0.2790761174776374,12.371116121761036,5.21018513530808,0.628985285031205
base+ALL,7,Marathwada,K,3838,0.1649452605146091,166.91453451306322,124.72353580202017,1.5729457040150825
base+ALL,7,Marathwada,OC,3838,0.0823448894860555,0.1333080752452121,0.0870762783500681,1.130495846368659
base+ALL,7,North MH,N,5373,0.3058049315518771,52.40849173628213,36.735360136991865,1.280899292767211
base+ALL,7,North MH,P,5373,0.1842526507379164,19.86041132818132,9.354094529325662,0.3761251404395788
base+ALL,7,North MH,K,5373,0.2412877261835926,124.55947698029138,84.18165011727743,1.4728706674726024
base+ALL,7,North MH,OC,5373,0.2843678846170108,0.2968882104187953,0.1805980922014355,0.7073369457944139
base+ALL,7,Western MH,N,2729,0.4510469345001828,89.97356104676334,57.53976987205159,1.783968514001304
base+ALL,7,Western MH,P,2729,0.3517858087762608,33.42404082397851,16.739312236798906,0.7289663188336126
base+ALL,7,Western MH,K,2729,0.0047132358344614,228.9208786061575,163.1072684769157,1.1977063938833985
base+ALL,7,Western MH,OC,2729,0.3618351580002001,0.2305945237264861,0.1609240031051457,1.6023797704678933
base+ALL,7,Konkan,N,1772,0.2596325805390899,271.4021233096302,197.55345577935452,2.450811246016505
base+ALL,7,Konkan,P,1772,0.0110008445622915,28.692402876160465,15.108517123658524,0.6384708899797601
base+ALL,7,Konkan,K,1772,0.0806092916455336,347.9642831403696,224.03859302275097,1.1100061664782672
base+ALL,7,Konkan,OC,1772,0.2449491123960716,0.5940655882846277,0.4531539188626251,1.621453958949881
diag:base+lonlat,7,Vidarbha,N,3561,0.3495723079263593,78.0950621596715,55.07034324572149,1.4630886619487724
diag:base+lonlat,7,Vidarbha,P,3561,0.1805373674620112,16.70576722217074,8.417268722519028,0.9391966134412144
diag:base+lonlat,7,Vidarbha,K,3561,0.4496799679555211,254.6208984182251,161.16520971875445,1.5544678479214322
diag:base+lonlat,7,Vidarbha,OC,3561,0.2364382264078718,0.2291006519848892,0.1588951383462572,1.2221702451482672
diag:base+lonlat,7,Marathwada,N,3838,0.5212611521311374,48.62237699587225,33.88089983228494,1.4391521830769494
diag:base+lonlat,7,Marathwada,P,3838,0.4790109872931135,10.516675150004083,4.3053828138238845,0.7398963920642712
diag:base+lonlat,7,Marathwada,K,3838,0.2548109885478394,157.67756482923895,113.56834777361928,1.6650910374239525
diag:base+lonlat,7,Marathwada,OC,3838,0.1015394724364956,0.1319065055064614,0.0851328697883261,1.1425079056827168
diag:base+lonlat,7,North MH,N,5373,0.3458255211398453,50.875383715897925,36.15892262620667,1.3194986474180186
diag:base+lonlat,7,North MH,P,5373,0.2885986091943551,18.546747449888883,8.817703365116124,0.4027660386373975
diag:base+lonlat,7,North MH,K,5373,0.3083472610992018,118.92749508116204,76.16384787932662,1.5426205678913676
diag:base+lonlat,7,North MH,OC,5373,0.3549434800084249,0.281868747356531,0.1690135946496808,0.745027612920756
diag:base+lonlat,7,Western MH,N,2729,0.4800899482635402,87.56114043101637,55.89422920463792,1.833119112084375
diag:base+lonlat,7,Western MH,P,2729,0.4225060279988544,31.54811486412243,16.39805249742508,0.772312390294632
diag:base+lonlat,7,Western MH,K,2729,-0.0118776238090143,230.8209828104445,164.98230590909716,1.187846948148397
diag:base+lonlat,7,Western MH,OC,2729,0.5698899379146842,0.1893094760338102,0.1301274345020606,1.951830451075825
diag:base+lonlat,7,Konkan,N,1772,0.4760318807014632,228.31898398339808,166.79077168885436,2.9132723192582435
diag:base+lonlat,7,Konkan,P,1772,0.0892298913599063,27.534255889235443,14.265302544369762,0.6653262784254846
diag:base+lonlat,7,Konkan,K,1772,0.090939400023577,346.0039290376651,223.0169035239662,1.116295127267051
diag:base+lonlat,7,Konkan,OC,1772,0.2413545390841273,0.5954779942958129,0.43933392736039,1.6176080547512064
diag:base+lonlat+ALL,7,Vidarbha,N,3561,0.3150475880338159,80.14090879484259,55.64780387379528,1.4257387608680714
diag:base+lonlat+ALL,7,Vidarbha,P,3561,0.2351875231002843,16.139100667898077,8.062394515280777,0.9721731292753274
diag:base+lonlat+ALL,7,Vidarbha,K,3561,0.4664751727484503,250.70540798651655,158.1165743783858,1.5787453616528564
diag:base+lonlat+ALL,7,Vidarbha,OC,3561,0.2936271048421154,0.220354157645183,0.1554979888528537,1.2706817197924596
diag:base+lonlat+ALL,7,Marathwada,N,3838,0.5154845783916626,48.9148418312448,33.96438159627431,1.4305474040253938
diag:base+lonlat+ALL,7,Marathwada,P,3838,0.4782236189601567,10.524619051479643,4.308009612242971,0.7393379239608717
diag:base+lonlat+ALL,7,Marathwada,K,3838,0.2523149965310344,157.94141261234395,114.53254660957042,1.6623094327034058
diag:base+lonlat+ALL,7,Marathwada,OC,3838,0.1214191996020135,0.1304390323482999,0.0836285431004337,1.155361417813195
diag:base+lonlat+ALL,7,North MH,N,5373,0.343420761627021,50.96880744240752,35.74719645922708,1.317080060698966
diag:base+lonlat+ALL,7,North MH,P,5373,0.2842428510765108,18.603439681868625,8.854700004263535,0.4015386470320565
diag:base+lonlat+ALL,7,North MH,K,5373,0.3158547694902428,118.2802878901622,76.35467185815173,1.5510614936139246
diag:base+lonlat+ALL,7,North MH,OC,5373,0.371068836552145,0.2783233211374334,0.1697789903167725,0.7545181594621168
diag:base+lonlat+ALL,7,Western MH,N,2729,0.4995074291057236,85.91047495757947,53.32675579361614,1.8683402702552392
diag:base+lonlat+ALL,7,Western MH,P,2729,0.436854222780015,31.153733585079063,15.800155186157106,0.7820892456905874
diag:base+lonlat+ALL,7,Western MH,K,2729,0.0116237899714096,228.124763470473,162.2735558901895,1.201886177672632
diag:base+lonlat+ALL,7,Western MH,OC,2729,0.5765763151739884,0.1878322348249581,0.126817860328022,1.9671809811789704
diag:base+lonlat+ALL,7,Konkan,N,1772,0.4390817859467626,236.2323459583221,171.65346693810238,2.815682896013536
diag:base+lonlat+ALL,7,Konkan,P,1772,0.0363555709641327,28.3222249187197,14.814823405386743,0.6468158505404638
diag:base+lonlat+ALL,7,Konkan,K,1772,0.1404291269371839,336.45381590710775,216.35404760100937,1.1479807383330096
diag:base+lonlat+ALL,7,Konkan,OC,1772,0.2847178856213463,0.5782091604966618,0.4346650714513522,1.6659196460543817
base_41,13,Vidarbha,N,3561,0.1493569508072305,89.3095173134795,63.93685163639157,1.2793709275008556
base_41,13,Vidarbha,P,3561,0.0287595835683398,18.187173993385656,9.824507053281572,0.8626958759896489
base_41,13,Vidarbha,K,3561,0.2410344382771624,299.0180606092352,190.5828999385293,1.323665865511856
base_41,13,Vidarbha,OC,3561,0.0610694855168194,0.2540510316608292,0.178148511288042,1.1021407713620854
base_41,13,Marathwada,N,3838,0.1283990481691632,65.60632319920128,46.78739107835402,1.0665892643843802
base_41,13,Marathwada,P,3838,0.2099860254850353,12.95035172384236,5.942397314295019,0.6008524066318802
base_41,13,Marathwada,K,3838,0.017091035519653,181.08952559578017,137.572873375732,1.449821568289083
base_41,13,Marathwada,OC,3838,0.0196883856827,0.1377839998687282,0.0925217102474233,1.093771595364443
base_41,13,North MH,N,5373,0.0445666881634179,61.48385488324686,43.882027686395574,1.0918313454397863
base_41,13,North MH,P,5373,0.0434517209385099,21.506208436567043,10.131382813043418,0.3473415605560089
base_41,13,North MH,K,5373,0.0089079677093975,142.3623713353273,102.75110523098373,1.2886832263271966
base_41,13,North MH,OC,5373,0.1174395820001681,0.3297009995115137,0.2004433933791766,0.6369407442232107
base_41,13,Western MH,N,2729,0.2160898717268558,107.51781752818844,77.00868964029232,1.4928688443468296
base_41,13,Western MH,P,2729,0.227749232602835,36.48201856311756,19.1145655963658,0.6678632641405546
base_41,13,Western MH,K,2729,-0.0291094778449432,232.77807840304484,167.06636858784188,1.177860054009337
base_41,13,Western MH,OC,2729,0.1751816632311269,0.2621571492452426,0.1958071500036474,1.4094599405883086
base_41,13,Konkan,N,1772,0.1487364149314667,291.01918451971835,221.6319939429794,2.2856066245176754
base_41,13,Konkan,P,1772,0.0182393100223389,28.587210479898992,15.206434935916665,0.6408202721591578
base_41,13,Konkan,K,1772,-0.0211265399954967,366.71138625453705,240.0080181899075,1.0532601781061317
base_41,13,Konkan,OC,1772,0.093482696196831,0.6509300697274538,0.501923543614553,1.4798056577772098
base+ALL,13,Vidarbha,N,3561,0.2263444452635905,85.17220434370478,59.85235239922282,1.3415174689962706
base+ALL,13,Vidarbha,P,3561,0.2091039390148723,16.412001752542274,8.462368906995712,0.9560076970848218
base+ALL,13,Vidarbha,K,3561,0.385703068241842,269.014418920824,169.81134863997562,1.4712966003375874
base+ALL,13,Vidarbha,OC,3561,0.2158061821151466,0.2321752614241156,0.1636372093823525,1.2059855054433324
base+ALL,13,Marathwada,N,3838,0.3997326622916032,54.445151117395184,38.205844333339954,1.285238420022367
base+ALL,13,Marathwada,P,3838,0.2829688839647836,12.337670807400915,5.2182827697990355,0.6306903565081597
base+ALL,13,Marathwada,K,3838,0.1676365031979729,166.64534854644572,124.79909280200044,1.575486518466043
base+ALL,13,Marathwada,OC,3838,0.0830531906980899,0.1332566177327899,0.087140890066407,1.1309323913226552
base+ALL,13,North MH,N,5373,0.3101027282586074,52.24600805088603,36.52552022402201,1.284882855253121
base+ALL,13,North MH,P,5373,0.1880924908732659,19.813613285211623,9.329844068312983,0.3770135155295182
base+ALL,13,North MH,K,5373,0.2383139931048679,124.803340439414,84.21343740249814,1.4699927049553692
base+ALL,13,North MH,OC,5373,0.2790017742981125,0.2979992278685449,0.1807018572650139,0.7046998124862134
base+ALL,13,Western MH,N,2729,0.4540457064193871,89.72747473359077,57.252183677113855,1.7888612208977144
base+ALL,13,Western MH,P,2729,0.3486960151815043,33.50360604695387,16.81393861897525,0.7272351509223663
base+ALL,13,Western MH,K,2729,0.0018141887530432,229.25403376493975,163.27139545052617,1.1959658702499607
base+ALL,13,Western MH,OC,2729,0.3522748526360999,0.2323153634064201,0.1620019769576502,1.5905103932088405
base+ALL,13,Konkan,N,1772,0.2550698175393446,272.23714215519163,197.88176189375852,2.4432939999819023
base+ALL,13,Konkan,P,1772,0.0127331729252376,28.66726309330363,15.09043564639204,0.6390307976166439
base+ALL,13,Konkan,K,1772,0.0851331946688203,347.10714054361654,224.06464490137023,1.112747203630246
base+ALL,13,Konkan,OC,1772,0.241215308930932,0.5955326342383499,0.4557475732339412,1.6174596396920182
diag:base+lonlat,13,Vidarbha,N,3561,0.3429243974628291,78.49314571238303,55.220499871587144,1.455668504084101
diag:base+lonlat,13,Vidarbha,P,3561,0.1863768824667998,16.646137906019373,8.369042817679949,0.9425609765209486
diag:base+lonlat,13,Vidarbha,K,3561,0.4485790750343889,254.87545057060956,161.1690773281275,1.5529153518469183
diag:base+lonlat,13,Vidarbha,OC,3561,0.2386747472475617,0.2287648807642066,0.15885213391268,1.2239640938969238
diag:base+lonlat,13,Marathwada,N,3838,0.5193622744767785,48.71870986497037,33.908160653115516,1.436306507170324
diag:base+lonlat,13,Marathwada,P,3838,0.479658328852213,10.510139506471877,4.29457829687536,0.7403564905307398
diag:base+lonlat,13,Marathwada,K,3838,0.2526081500266801,157.91044661975403,113.7101142864886,1.6626354089936206
diag:base+lonlat,13,Marathwada,OC,3838,0.104488806123087,0.1316898259300801,0.0851430709072123,1.144387763350287
diag:base+lonlat,13,North MH,N,5373,0.344901996864807,50.91128245740196,36.1435371209858,1.3185682379179589
diag:base+lonlat,13,North MH,P,5373,0.287965371596447,18.555000094313513,8.811109928341242,0.4025869017531994
diag:base+lonlat,13,North MH,K,5373,0.3085241077813935,118.91228999607102,76.21576885613149,1.5428178198070337
diag:base+lonlat,13,North MH,OC,5373,0.3595715224455597,0.2808557750487291,0.1685797457720938,0.7477147299661702
diag:base+lonlat,13,Western MH,N,2729,0.482133453545517,87.3888915762682,55.55016811990445,1.8367323020674284
diag:base+lonlat,13,Western MH,P,2729,0.4259250273997637,31.454587387126157,16.33859662994351,0.774608793945655
diag:base+lonlat,13,Western MH,K,2729,-0.0096073131002905,230.5618953445233,164.6600747900323,1.1891817578542163
diag:base+lonlat,13,Western MH,OC,2729,0.5721268256847489,0.1888165602590256,0.1298271272910794,1.956925809331056
diag:base+lonlat,13,Konkan,N,1772,0.4770584897105623,228.09520199944788,166.56071726269656,2.9161305023926367
diag:base+lonlat,13,Konkan,P,1772,0.0937001133663821,27.466601254403503,14.196461409686655,0.6669650835326055
diag:base+lonlat,13,Konkan,K,1772,0.100020206774911,344.27143685215515,221.2266031496277,1.121912707983001
diag:base+lonlat,13,Konkan,OC,1772,0.2411618853711699,0.5955535986263139,0.4398191089173899,1.617402702664888
diag:base+lonlat+ALL,13,Vidarbha,N,3561,0.3150654986079779,80.13986100009899,55.53113182374606,1.425757401798574
diag:base+lonlat+ALL,13,Vidarbha,P,3561,0.2343081074759772,16.148376732379223,8.064243361225707,0.9716146867282252
diag:base+lonlat+ALL,13,Vidarbha,K,3561,0.4769033529717666,248.2431957390943,156.84210206361112,1.5944042245411194
diag:base+lonlat+ALL,13,Vidarbha,OC,3561,0.2944897718616875,0.2202195613580416,0.1555576718967414,1.2714583494459195
diag:base+lonlat+ALL,13,Marathwada,N,3838,0.5167312626654352,48.85187103715323,33.91025241266909,1.432391401074117
diag:base+lonlat+ALL,13,Marathwada,P,3838,0.4755621031327699,10.5514272889768,4.295976173512577,0.7374594722487604
diag:base+lonlat+ALL,13,Marathwada,K,3838,0.2525557826831153,157.91597866145634,114.51993112688784,1.6625771642960523
diag:base+lonlat+ALL,13,Marathwada,OC,3838,0.122397237105773,0.1303664096656306,0.0835739873782313,1.1560050302731029
diag:base+lonlat+ALL,13,North MH,N,5373,0.3403620302370224,51.08739080260053,35.882800665860984,1.3140228722854026
diag:base+lonlat+ALL,13,North MH,P,5373,0.2940166347129205,18.4759865469458,8.784452621155578,0.4043085862299915
diag:base+lonlat+ALL,13,North MH,K,5373,0.3163979010766339,118.23332818576284,76.42314604499035,1.5516775414776112
diag:base+lonlat+ALL,13,North MH,OC,5373,0.3710358363070638,0.2783306229041964,0.1699004978436088,0.7544983653210291
diag:base+lonlat+ALL,13,Western MH,N,2729,0.4946466868235643,86.32664464665083,53.77618054203176,1.85933324128366
diag:base+lonlat+ALL,13,Western MH,P,2729,0.4368278229005325,31.15446380912277,15.824856246367329,0.7820709144371584
diag:base+lonlat+ALL,13,Western MH,K,2729,0.0099687637150109,228.31567991992915,162.58251160465235,1.2008811663577186
diag:base+lonlat+ALL,13,Western MH,OC,2729,0.5738876959133228,0.1884276316476523,0.127281649762953,1.9609650493879864
diag:base+lonlat+ALL,13,Konkan,N,1772,0.423125957817565,239.56870770585152,173.72396119715685,2.776470192495651
diag:base+lonlat+ALL,13,Konkan,P,1772,0.0413318866717786,28.24900145795114,14.78840939034824,0.648492444140667
diag:base+lonlat+ALL,13,Konkan,K,1772,0.1444354624575095,335.6688188619306,215.96034447338587,1.150665412740859
diag:base+lonlat+ALL,13,Konkan,OC,1772,0.3058578386678645,0.5696006771076809,0.4291570133402262,1.691097006575189
base_41,99,Vidarbha,N,3561,0.1497282499210455,89.29002372916379,63.89637706707514,1.2796502367003015
base_41,99,Vidarbha,P,3561,0.0298838262544096,18.17664481987556,9.82642084085922,0.8631956092822755
base_41,99,Vidarbha,K,3561,0.2393639158220666,299.34695683762607,190.77271099469968,1.3222115373455847
base_41,99,Vidarbha,OC,3561,0.0583454026024445,0.2544192989777362,0.1781014331188911,1.1005454426022228
base_41,99,Marathwada,N,3838,0.1310866359500133,65.50509632164426,46.77758037049899,1.0682374949333338
base_41,99,Marathwada,P,3838,0.2104046830473241,12.946919834441134,5.937929458898062,0.6010116768700827
base_41,99,Marathwada,K,3838,0.0157019949683595,181.21743769007108,137.68416714947318,1.448798213608033
base_41,99,Marathwada,OC,3838,0.0230451096011621,0.137547901755095,0.0921428765840561,1.0956490315675114
base_41,99,North MH,N,5373,0.0398884185216122,61.63419860865437,44.02946098458344,1.0891680514293882
base_41,99,North MH,P,5373,0.0451668550842574,21.48691898580825,10.126046522389732,0.3476533794786405
base_41,99,North MH,K,5373,0.0107527020753134,142.22981902479435,102.84043665268368,1.2898842258107504
base_41,99,North MH,OC,5373,0.1158288041397324,0.3300017341478158,0.2006174528385828,0.6363602922945121
base_41,99,Western MH,N,2729,0.2194729536989703,107.28556202368492,76.85338922378591,1.4961006585822323
base_41,99,Western MH,P,2729,0.2297628948301883,36.43442365147846,19.03059960814552,0.6687357053611935
base_41,99,Western MH,K,2729,-0.0292869534996331,232.79814947505656,167.1726234312115,1.1777585028843944
base_41,99,Western MH,OC,2729,0.1732024828749081,0.262471488401122,0.1961924398071336,1.4077719536352518
base_41,99,Konkan,N,1772,0.1417152305792507,292.2168766364856,222.32691186435295,2.276238743142291
base_41,99,Konkan,P,1772,0.0191333678016912,28.57419079002768,15.202592955923604,0.6411122587728145
base_41,99,Konkan,K,1772,-0.0193427305749125,366.39094156386415,240.0713385089652,1.0541813570810556
base_41,99,Konkan,OC,1772,0.0945284170556918,0.650554518391417,0.5012339998351788,1.4806599182214033
base+ALL,99,Vidarbha,N,3561,0.2236454960891588,85.32063946716447,59.97185548245921,1.3391835869206394
base+ALL,99,Vidarbha,P,3561,0.2013598669706757,16.492155219681255,8.501000103703515,0.951361407348144
base+ALL,99,Vidarbha,K,3561,0.3812637051955787,269.9847174296752,170.76951151191756,1.4660089051266272
base+ALL,99,Vidarbha,OC,3561,0.2178796211973572,0.2318681180353995,0.1631520176686773,1.2075830104303171
base+ALL,99,Marathwada,N,3838,0.4006095386433659,54.40536958123508,38.16462597670609,1.2861781941489656
base+ALL,99,Marathwada,P,3838,0.2767710912935843,12.390877562693955,5.235409330859954,0.6279821554711775
base+ALL,99,Marathwada,K,3838,0.165130464859538,166.89602374377213,124.50467554432228,1.5731201625454974
base+ALL,99,Marathwada,OC,3838,0.0832812346625148,0.1332400462933611,0.0868915226823723,1.1310730485660454
base+ALL,99,North MH,N,5373,0.3043527129269103,52.463280965619695,36.73880446431501,1.2795616050774965
base+ALL,99,North MH,P,5373,0.1871056534923104,19.82565091033297,9.33400605740351,0.3767846026233971
base+ALL,99,North MH,K,5373,0.2363459677112825,124.96446831322088,84.21326697796151,1.4680973117907503
base+ALL,99,North MH,OC,5373,0.279472177458865,0.2979019997162141,0.1806926738839655,0.7049298098033886
base+ALL,99,Western MH,N,2729,0.4540215668071941,89.72945838178862,57.28646893790607,1.7888216745614158
base+ALL,99,Western MH,P,2729,0.3494305898242252,33.484707158496214,16.74725801146743,0.7276456050420548
base+ALL,99,Western MH,K,2729,0.0029199944215548,229.1270129954528,163.1572148315408,1.1966288759040444
base+ALL,99,Western MH,OC,2729,0.3577084954441205,0.231338886571272,0.1611633484124828,1.597223905917618
base+ALL,99,Konkan,N,1772,0.2498085154343049,273.1968305391026,198.77691391535976,2.4347111739453227
base+ALL,99,Konkan,P,1772,0.0171336244417499,28.60330379681872,15.02320689163722,0.6404597220701995
base+ALL,99,Konkan,K,1772,0.0796361948458787,348.148379726854,224.7463763428257,1.1094192088529422
base+ALL,99,Konkan,OC,1772,0.249773693415688,0.5921645835089666,0.4517262047060726,1.6266592545810608
diag:base+lonlat,99,Vidarbha,N,3561,0.350794564260472,78.02165117935391,55.01589003044418,1.4644652897353123
diag:base+lonlat,99,Vidarbha,P,3561,0.1817270257943604,16.693636483853673,8.386093438138369,0.939879097953019
diag:base+lonlat,99,Vidarbha,K,3561,0.449465929850811,254.67040895145004,161.4919823083001,1.5541656434668647
diag:base+lonlat,99,Vidarbha,OC,3561,0.2429346173168325,0.2281239748782319,0.1581975822713409,1.2274027758347557
diag:base+lonlat,99,Marathwada,N,3838,0.5242563954362107,48.47003469177951,33.802822855238105,1.4436754676362489
diag:base+lonlat,99,Marathwada,P,3838,0.4804318399018765,10.502324706087812,4.277612619727361,0.7409073912454349
diag:base+lonlat,99,Marathwada,K,3838,0.2577819450031129,157.36293255605722,113.4801875137468,1.668420229182454
diag:base+lonlat,99,Marathwada,OC,3838,0.1037947430445507,0.1317408489342925,0.0849913374712625,1.1439445439377636
diag:base+lonlat,99,North MH,N,5373,0.3467076426570739,50.841070691347305,36.18569739948993,1.3203891870716429
diag:base+lonlat,99,North MH,P,5373,0.2837042365775644,18.610438003864836,8.838820736562118,0.4013876512980889
diag:base+lonlat,99,North MH,K,5373,0.3093871496717397,118.83805868080216,76.0028153764289,1.5437815295584032
diag:base+lonlat,99,North MH,OC,5373,0.3620236087474043,0.2803175860872305,0.1684223533963384,0.7491502867560053
diag:base+lonlat,99,Western MH,N,2729,0.4843116782815659,87.20491248779682,55.67368350537669,1.8406073169612005
diag:base+lonlat,99,Western MH,P,2729,0.4205222732828092,31.60225401648858,16.40472568933866,0.7709893094108883
diag:base+lonlat,99,Western MH,K,2729,-0.0144963647542366,231.11947235287437,165.08707497298036,1.186312850270706
diag:base+lonlat,99,Western MH,OC,2729,0.5685340150789412,0.1896076404796813,0.1303416722056658,1.948761131488244
diag:base+lonlat,99,Konkan,N,1772,0.4706880679411304,229.48031304538503,167.94127786281527,2.898529146892222
diag:base+lonlat,99,Konkan,P,1772,0.0921146753008265,27.490615141999864,14.20726446140116,0.6663824692671947
diag:base+lonlat,99,Konkan,K,1772,0.0932485967278559,345.564189829065,222.68004341661137,1.1177156411694649
diag:base+lonlat,99,Konkan,OC,1772,0.2448448782543725,0.5941065919976256,0.4376061947447175,1.621342050356933
diag:base+lonlat+ALL,99,Vidarbha,N,3561,0.3205156565993254,79.82037990152094,55.4031754030764,1.4314639962998077
diag:base+lonlat+ALL,99,Vidarbha,P,3561,0.2359562153939695,16.130988142614488,8.08250307105901,0.9726620502900566
diag:base+lonlat+ALL,99,Vidarbha,K,3561,0.4636073189500267,251.37831280440187,158.74019166179264,1.5745192796642444
diag:base+lonlat+ALL,99,Vidarbha,OC,3561,0.2980294931567002,0.2196664183582233,0.1550337793177512,1.2746600144560425
diag:base+lonlat+ALL,99,Marathwada,N,3838,0.5127863674566864,49.05085331421686,34.038561357293105,1.426580686614039
diag:base+lonlat+ALL,99,Marathwada,P,3838,0.4750740993278364,10.556335343294691,4.275189695903114,0.7371165984171385
diag:base+lonlat+ALL,99,Marathwada,K,3838,0.2579169655319629,157.34861857338274,114.23826645001428,1.6685720051463664
diag:base+lonlat+ALL,99,Marathwada,OC,3838,0.1252384122909113,0.1301552127034085,0.0834075564569175,1.157880827220732
diag:base+lonlat+ALL,99,North MH,N,5373,0.3427393777347279,50.99524775357353,35.79112891152945,1.3163971734071205
diag:base+lonlat+ALL,99,North MH,P,5373,0.288244193399954,18.551366812340497,8.831200465365784,0.4026657483280911
diag:base+lonlat+ALL,99,North MH,K,5373,0.3141872782941196,118.42434451473608,76.49393738340731,1.549174713626312
diag:base+lonlat+ALL,99,North MH,OC,5373,0.3717399276391833,0.2781747912482876,0.169975974571207,0.7549210302545439
diag:base+lonlat+ALL,99,Western MH,N,2729,0.5011238810108682,85.77162927990615,53.32548819457877,1.8713647082089755
diag:base+lonlat+ALL,99,Western MH,P,2729,0.4378944312854858,31.124947648495695,15.84764749449985,0.7828125616518937
diag:base+lonlat+ALL,99,Western MH,K,2729,0.0099953149187824,228.3126183514836,162.3317382145623,1.2008972696283668
diag:base+lonlat+ALL,99,Western MH,OC,2729,0.5734377125761749,0.1885270971180102,0.1272230099645648,1.95993045906132
diag:base+lonlat+ALL,99,Konkan,N,1772,0.441964675741877,235.6244951928742,171.46210446596518,2.8229466357287105
diag:base+lonlat+ALL,99,Konkan,P,1772,0.0340868867706625,28.355544475449086,14.839503550369258,0.6460558010395907
diag:base+lonlat+ALL,99,Konkan,K,1772,0.145977722085243,335.3661403645254,215.4558376279007,1.1517039244933156
diag:base+lonlat+ALL,99,Konkan,OC,1772,0.2947836850639693,0.5741263247622066,0.430558066089425,1.6777666490017886
base_41,2024,Vidarbha,N,3561,0.1486706479332917,89.3455377220972,64.0092982926916,1.2788551382990991
base_41,2024,Vidarbha,P,3561,0.028500121009892,18.189603142492224,9.851132507043936,0.8625806663888685
base_41,2024,Vidarbha,K,3561,0.2413321170130192,298.9594149654757,190.6937283383452,1.323925523622354
base_41,2024,Vidarbha,OC,3561,0.0582246740759416,0.2544356078678121,0.1783528893831197,1.1004748995096212
base_41,2024,Marathwada,N,3838,0.1304679687585309,65.52841201950332,46.82738070684527,1.0678574048028695
base_41,2024,Marathwada,P,3838,0.2094006608621932,12.95514864787292,5.950813566691896,0.6006299280307824
base_41,2024,Marathwada,K,3838,0.0119839126908306,181.5593799953374,137.8397349416969,1.4460695999663715
base_41,2024,Marathwada,OC,3838,0.019903556420144,0.1377688777833468,0.0923417781065925,1.0938916522867246
base_41,2024,North MH,N,5373,0.0399229065541231,61.63309162204184,44.062532626989075,1.089187613882285
base_41,2024,North MH,P,5373,0.0474974704021511,21.46067966936475,10.114663723105725,0.3480784446292943
base_41,2024,North MH,K,5373,0.0091406800068831,142.3456567324496,102.73550592931272,1.2888345469144042
base_41,2024,North MH,OC,5373,0.1124182979825568,0.3306375780433607,0.2012093688082291,0.6351365178838202
base_41,2024,Western MH,N,2729,0.2187261919341745,107.33687197023995,76.92211408732489,1.4953854817429626
base_41,2024,Western MH,P,2729,0.2289328308830123,36.4540505674645,19.047257097316987,0.6683756570455284
base_41,2024,Western MH,K,2729,-0.0302416935733265,232.9060932338197,166.99717019056573,1.1772126533621623
base_41,2024,Western MH,OC,2729,0.1738198830297648,0.2623734715362357,0.1959895173827313,1.4082978657732526
base_41,2024,Konkan,N,1772,0.1380169972425448,292.84576147851374,223.13662935384573,2.2713505315623386
base_41,2024,Konkan,P,1772,0.0177108158706694,28.59490387250597,15.212409176150937,0.640647860950286
base_41,2024,Konkan,K,1772,-0.0198105457589297,366.4750072952674,239.08478862365504,1.053939538334755
base_41,2024,Konkan,OC,1772,0.0902022612388971,0.6521067739332509,0.5027115906693117,1.4771353994531538
base+ALL,2024,Vidarbha,N,3561,0.2253346464790971,85.2277708949454,59.78281399191519,1.340642830384954
base+ALL,2024,Vidarbha,P,3561,0.2104926384738719,16.397586867674026,8.452202366967862,0.9568481098234672
base+ALL,2024,Vidarbha,K,3561,0.3914039659396237,267.7632337410996,169.75512264239111,1.4781715714663768
base+ALL,2024,Vidarbha,OC,3561,0.2183324826441762,0.2318009804575647,0.1634119939453661,1.207932768219067
base+ALL,2024,Marathwada,N,3838,0.3995532434363416,54.45328728959514,38.099894746482384,1.285046385314753
base+ALL,2024,Marathwada,P,3838,0.2791782912994786,12.37023943489155,5.225223914349374,0.6290298616251657
base+ALL,2024,Marathwada,K,3838,0.1635125111629518,167.0576653692967,124.8053792752916,1.5715980432242609
base+ALL,2024,Marathwada,OC,3838,0.0831348489538581,0.1332506840487769,0.0869224817198125,1.130982752005589
base+ALL,2024,North MH,N,5373,0.3093107186303659,52.275988943647576,36.541169851476184,1.2841459598662923
base+ALL,2024,North MH,P,5373,0.1855003048514472,19.84521764979117,9.36262148249576,0.3764131052540311
base+ALL,2024,North MH,K,5373,0.2457732299017286,124.19073362248837,83.82105929509525,1.477243870365375
base+ALL,2024,North MH,OC,5373,0.2812543896057715,0.2975333440859063,0.1809459944349132,0.7058032458350851
base+ALL,2024,Western MH,N,2729,0.4546330756451233,89.67919473937833,56.96071832612924,1.7898242782672946
base+ALL,2024,Western MH,P,2729,0.3459288791310588,33.574702474878364,16.78004779460499,0.7256951872687674
base+ALL,2024,Western MH,K,2729,0.0033690736309983,229.07540842718507,163.08108166256417,1.1968984444140025
base+ALL,2024,Western MH,OC,2729,0.3550993977405743,0.2318082793844768,0.1615834601332201,1.5939896580964992
base+ALL,2024,Konkan,N,1772,0.2531696370086662,272.58413457493083,197.8995621701107,2.4401837511095312
base+ALL,2024,Konkan,P,1772,0.006095149117046,28.76347577545365,15.08778758812109,0.6368932650216566
base+ALL,2024,Konkan,K,1772,0.0728143978415223,349.43624702772104,225.47008969359825,1.1053303808215384
base+ALL,2024,Konkan,OC,1772,0.2427898337008702,0.5949144299989652,0.4544472357216672,1.619140419911609
diag:base+lonlat,2024,Vidarbha,N,3561,0.3393724278896604,78.70501592417375,55.40997350955746,1.451749912738481
diag:base+lonlat,2024,Vidarbha,P,3561,0.1792337641963428,16.719049730562013,8.417635588470214,0.93845046535863
diag:base+lonlat,2024,Vidarbha,K,3561,0.4444723817125152,255.8227792604876,162.15424579594315,1.5471648034789849
diag:base+lonlat,2024,Vidarbha,OC,3561,0.2327675812437577,0.2296506657407871,0.1591997165914761,1.219243145221462
diag:base+lonlat,2024,Marathwada,N,3838,0.5179105431936513,48.7922300506435,34.02412763542702,1.4341422789524072
diag:base+lonlat,2024,Marathwada,P,3838,0.4813122668177696,10.493422649988585,4.294068432922306,0.7415359372767154
diag:base+lonlat,2024,Marathwada,K,3838,0.2505175533347665,158.1311451212528,114.1767998790396,1.660314922773007
diag:base+lonlat,2024,Marathwada,OC,3838,0.103345866869681,0.1317738368715212,0.0850983135707865,1.1436581716828116
diag:base+lonlat,2024,North MH,N,5373,0.3467450661698794,50.83961446835038,36.120840567148406,1.3204270076003626
diag:base+lonlat,2024,North MH,P,5373,0.2871698012018555,18.565363134989227,8.82294332813344,0.4023621808895113
diag:base+lonlat,2024,North MH,K,5373,0.3056234290652266,119.1614421180765,76.35579531006934,1.539591974879008
diag:base+lonlat,2024,North MH,OC,5373,0.3616464885700056,0.2804004244191397,0.1682251728681448,0.7489289662632396
diag:base+lonlat,2024,Western MH,N,2729,0.4790885706715261,87.6454238413939,55.97035203896156,1.831356310062055
diag:base+lonlat,2024,Western MH,P,2729,0.4234682783293796,31.521820355736292,16.35603442279347,0.7729566289329511
diag:base+lonlat,2024,Western MH,K,2729,-0.0091903582537342,230.51428087798075,164.5796613566704,1.1894273923320746
diag:base+lonlat,2024,Western MH,OC,2729,0.5702572322599242,0.1892286279476204,0.1301907152583681,1.9526643722337809
diag:base+lonlat,2024,Konkan,N,1772,0.4728174305742106,229.0182610795719,167.61747127322795,2.9043770259389627
diag:base+lonlat,2024,Konkan,P,1772,0.0960470394407992,27.431014871802542,14.201963418512271,0.6678303404235735
diag:base+lonlat,2024,Konkan,K,1772,0.0890925798568762,346.35521629855083,223.00241319384492,1.115162936270223
diag:base+lonlat,2024,Konkan,OC,1772,0.2425824928234677,0.594995874783086,0.4387259921981101,1.6189187872120392
diag:base+lonlat+ALL,2024,Vidarbha,N,3561,0.3300935371741422,79.25581698924198,55.23600413030298,1.4416607429018038
diag:base+lonlat+ALL,2024,Vidarbha,P,3561,0.2403873012465838,16.084144145850924,8.043604883209719,0.9754948636199212
diag:base+lonlat+ALL,2024,Vidarbha,K,3561,0.468005905784895,250.34550092175968,158.1971274753569,1.581015031397345
diag:base+lonlat+ALL,2024,Vidarbha,OC,3561,0.2956089423739951,0.2200448218220655,0.1551104862482128,1.2724680257480263
diag:base+lonlat+ALL,2024,Marathwada,N,3838,0.5171172146911374,48.832359900737195,33.90983375453903,1.432963717957518
diag:base+lonlat+ALL,2024,Marathwada,P,3838,0.4758613119804937,10.54841689360629,4.303226957441384,0.7376699345961997
diag:base+lonlat+ALL,2024,Marathwada,K,3838,0.2498836364847677,158.19800513277352,114.73871534169672,1.6596132156005845
diag:base+lonlat+ALL,2024,Marathwada,OC,3838,0.1260610366425796,0.1300939994353274,0.0834747359873595,1.1584256461192994
diag:base+lonlat+ALL,2024,North MH,N,5373,0.3482917568867867,50.779393140382865,35.710770418874,1.3219929551819345
diag:base+lonlat+ALL,2024,North MH,P,5373,0.2893780635551134,18.536584196522913,8.790959974539645,0.4029868675266083
diag:base+lonlat+ALL,2024,North MH,K,5373,0.3189840935078217,118.0094670483832,76.24959710429546,1.554621036673121
diag:base+lonlat+ALL,2024,North MH,OC,5373,0.3768179809715201,0.2770483052045066,0.1688419925831826,0.757990559967461
diag:base+lonlat+ALL,2024,Western MH,N,2729,0.4984255631563666,86.00327697940433,53.453321213216014,1.866324233650285
diag:base+lonlat+ALL,2024,Western MH,P,2729,0.4358958786338033,31.180230549287018,15.838562437046464,0.7814246261420651
diag:base+lonlat+ALL,2024,Western MH,K,2729,0.0138975096972996,227.86221646640237,162.2779501667821,1.2032710128597697
diag:base+lonlat+ALL,2024,Western MH,OC,2729,0.5733107888233493,0.1885551431826267,0.1273333776604903,1.9596389351316583
diag:base+lonlat+ALL,2024,Konkan,N,1772,0.42525176581414,239.12688931807503,173.00826051978413,2.78160008645135
diag:base+lonlat+ALL,2024,Konkan,P,1772,0.0382381086151323,28.294546805069047,14.798264420305886,0.6474485746743982
diag:base+lonlat+ALL,2024,Konkan,K,1772,0.1404506564514557,336.44960233216193,215.85573385339157,1.1479951152347618
diag:base+lonlat+ALL,2024,Konkan,OC,1772,0.294519951027215,0.5742336694847581,0.4315618076101556,1.6774530146661273
base+soilgrids,42,Vidarbha,N,3561,0.2573546331343767,83.44778267076747,58.17699382678295,1.3692394973608608
base+soilgrids,42,Vidarbha,P,3561,0.1149588009978387,17.361353990803078,9.03433044636946,0.9037313569155692
base+soilgrids,42,Vidarbha,K,3561,0.3729391026104097,271.79486360575834,169.8637297574468,1.4562453268951856
base+soilgrids,42,Vidarbha,OC,3561,0.2185111646065893,0.2317744851635882,0.1617973367162075,1.208070853020658
base+soilgrids,42,Marathwada,N,3838,0.3566206172130971,56.36641593732536,40.15303319011476,1.2414307143070125
base+soilgrids,42,Marathwada,P,3838,0.384543095808626,11.43044138524679,4.949831307438682,0.6807479901907566
base+soilgrids,42,Marathwada,K,3838,0.1679972483913691,166.60923270058282,123.61551018257585,1.5758280363239532
base+soilgrids,42,Marathwada,OC,3838,0.0394003322663996,0.1363916961364715,0.0906136538442623,1.1049369545292598
base+soilgrids,42,North MH,N,5373,0.1982444829411153,56.322494049005414,39.555436536214295,1.1918861395163205
base+soilgrids,42,North MH,P,5373,0.1186133582500426,20.64398977673499,9.799998429658386,0.3618486581706416
base+soilgrids,42,North MH,K,5373,0.2684375719070779,122.31054953448034,82.1154247253496,1.4999523810354654
base+soilgrids,42,North MH,OC,5373,0.249672091495123,0.3040000051718957,0.1823742234851641,0.6907894619319371
base+soilgrids,42,Western MH,N,2729,0.426331288083031,91.97671286032453,60.449829075874554,1.7451156386046311
base+soilgrids,42,Western MH,P,2729,0.333060984404654,33.903360516684906,17.641963631873722,0.7186603224187532
base+soilgrids,42,Western MH,K,2729,-0.0056693371555263,230.11180238295609,164.1190262077215,1.1915077677923922
base+soilgrids,42,Western MH,OC,2729,0.4509934258520646,0.213880565956229,0.1515189035216368,1.7275996926042294
base+soilgrids,42,Konkan,N,1772,0.312020977300951,261.6237640521986,196.339746643027,2.542411918923732
base+soilgrids,42,Konkan,P,1772,0.0525880265912811,28.082669857596866,14.615232390657903,0.652333417473991
base+soilgrids,42,Konkan,K,1772,0.0520800570819788,353.3218070822447,228.9996769355633,1.0931748119076394
base+soilgrids,42,Konkan,OC,1772,0.1200381717508412,0.6413250470903251,0.4961214625639248,1.5019684703883622
base+wcereal,42,Vidarbha,N,3561,0.2026711654774353,86.46548829996883,61.59925298569182,1.321452087376244
base+wcereal,42,Vidarbha,P,3561,0.0547126638673955,17.942533603361145,9.672531836058209,0.8744584430963985
base+wcereal,42,Vidarbha,K,3561,0.3653353024523881,273.43780320306485,177.1240848537944,1.4474955377916947
base+wcereal,42,Vidarbha,OC,3561,0.1220474094484199,0.2456630098023275,0.170928996594613,1.1397727326767737
base+wcereal,42,Marathwada,N,3838,0.1896296740944991,63.25991674546333,44.90851377134839,1.106150681189732
base+wcereal,42,Marathwada,P,3838,0.3754486571866495,11.51458394285929,5.224368515145972,0.6757734398927634
base+wcereal,42,Marathwada,K,3838,0.0412182909622963,178.8531334020737,136.52929673988692,1.4679502394278765
base+wcereal,42,Marathwada,OC,3838,0.041138741445277,0.1362682253741931,0.090886887107111,1.1059381226861842
base+wcereal,42,North MH,N,5373,0.1146928123770193,59.18448792256939,42.39269958433088,1.1342499083176265
base+wcereal,42,North MH,P,5373,0.1804443529353538,19.90671628523789,9.535462943937365,0.3752502368027159
base+wcereal,42,North MH,K,5373,0.0623425179132101,138.4714796160153,97.4800108758614,1.324893765190774
base+wcereal,42,North MH,OC,5373,0.275673207350618,0.2986863087546775,0.1824499435519064,0.703078761378651
base+wcereal,42,Western MH,N,2729,0.3413827781823294,98.55163725543515,65.63856248286024,1.6286893294727869
base+wcereal,42,Western MH,P,2729,0.245616971523145,36.057502345041854,18.729436724884167,0.6757262265934609
base+wcereal,42,Western MH,K,2729,-0.0325251847503371,233.1640640761196,167.36390948457435,1.1759101947652202
base+wcereal,42,Western MH,OC,2729,0.1929707802600491,0.2593147269218248,0.1913684120616945,1.4249094310458983
base+wcereal,42,Konkan,N,1772,0.3637565912884866,251.59455601794983,191.06845584464543,2.643759016600283
base+wcereal,42,Konkan,P,1772,0.0659629002749798,27.883739913357235,14.727586558987475,0.6569873358783004
base+wcereal,42,Konkan,K,1772,0.1321354187805039,338.0730837863834,219.27079809485275,1.142482257605735
base+wcereal,42,Konkan,OC,1772,0.0788222356810215,0.6561724741679498,0.5090072046877926,1.4679829433891378
base+ALL12,42,Vidarbha,N,3561,0.2822295012675239,82.03834026953864,57.08265539888543,1.392763427741181
base+ALL12,42,Vidarbha,P,3561,0.2181554217056518,16.31781716950865,8.325584720655735,0.9615256646776392
base+ALL12,42,Vidarbha,K,3561,0.4315672768921647,258.7771472372386,161.7099284168701,1.5295013652698752
base+ALL12,42,Vidarbha,OC,3561,0.2752713537606699,0.2231988486842074,0.1574173647250032,1.2544867576631522
base+ALL12,42,Marathwada,N,3838,0.4424851736118943,52.47048298738349,37.09946921117034,1.333606935099596
base+ALL12,42,Marathwada,P,3838,0.4033421420243132,11.254516942643225,4.814705254091547,0.6913890697980063
base+ALL12,42,Marathwada,K,3838,0.2242939377923882,160.87378345793,117.75359389716267,1.6320092333046836
base+ALL12,42,Marathwada,OC,3838,0.0950395011918955,0.1323827887389424,0.0863392517773429,1.1383974215054515
base+ALL12,42,North MH,N,5373,0.3138322296464527,52.10459887467521,36.73831348481925,1.2883699606145071
base+ALL12,42,North MH,P,5373,0.2659956174761951,18.839081709954804,8.9755295821338,0.3965161420820612
base+ALL12,42,North MH,K,5373,0.2936432281685764,120.1850027222712,78.21075135660465,1.5264799754088076
base+ALL12,42,North MH,OC,5373,0.3419128013515532,0.2847015045347863,0.1730980481743922,0.7376146478156074
base+ALL12,42,Western MH,N,2729,0.4778335361950496,87.75094259893365,55.07712142097261,1.8291541406411116
base+ALL12,42,Western MH,P,2729,0.3886231515220936,32.46042339205259,16.36204402473487,0.7506063524102208
base+ALL12,42,Western MH,K,2729,0.0049295809896308,228.89599702607535,162.36463868091454,1.1978365876305213
base+ALL12,42,Western MH,OC,2729,0.4894412545105446,0.2062554400388928,0.1416036985915004,1.7914678998543003
base+ALL12,42,Konkan,N,1772,0.4355424404220924,236.97647681219183,172.9593364120685,2.806841358043936
base+ALL12,42,Konkan,P,1772,0.0229981033580539,28.517842311567993,14.79342371791481,0.6423790341448435
base+ALL12,42,Konkan,K,1772,0.1634282418476277,331.92213277434814,216.84424886471092,1.1636539473026968
base+ALL12,42,Konkan,OC,1772,0.2707569694815268,0.5838246513411443,0.446397770545317,1.649896073739352
base+ALL12-minus-groundwater,42,Vidarbha,N,3561,0.2418325290648388,84.31534801532717,58.81909197055838,1.355150665798466
base+ALL12-minus-groundwater,42,Vidarbha,P,3561,0.1289754176101377,17.223327288017924,8.996249230326452,0.9109738053294358
base+ALL12-minus-groundwater,42,Vidarbha,K,3561,0.4190640499354948,261.6076934418221,165.40837114315676,1.5129524472032407
base+ALL12-minus-groundwater,42,Vidarbha,OC,3561,0.2205134241916002,0.2314773789887744,0.1614410609078869,1.2096214378407086
base+ALL12-minus-groundwater,42,Marathwada,N,3838,0.3466070644937425,56.803365605074035,39.90030718463102,1.2318812319414645
base+ALL12-minus-groundwater,42,Marathwada,P,3838,0.4039271311985454,11.248998382022943,4.891896631035936,0.6917282531069823
base+ALL12-minus-groundwater,42,Marathwada,K,3838,0.1608073800880665,167.3275726394683,124.792316814675,1.5690629814232528
base+ALL12-minus-groundwater,42,Marathwada,OC,3838,0.0693466893831937,0.1342488819386624,0.0884707368981153,1.1225734112330925
base+ALL12-minus-groundwater,42,North MH,N,5373,0.246268164784591,54.609641901710795,38.76633081754229,1.229270100705366
base+ALL12-minus-groundwater,42,North MH,P,5373,0.2338208442299321,19.247555013613983,9.234545755245922,0.3881012416754438
base+ALL12-minus-groundwater,42,North MH,K,5373,0.2594420762345171,123.06023430917824,80.87328739861779,1.4908146488578315
base+ALL12-minus-groundwater,42,North MH,OC,5373,0.3279112441548253,0.2877142389639993,0.1743040809742789,0.7298908832464024
base+ALL12-minus-groundwater,42,Western MH,N,2729,0.4463755344262236,90.35557196295464,58.61322324856034,1.77642614077866
base+ALL12-minus-groundwater,42,Western MH,P,2729,0.368427710116416,32.99219566846783,16.929939118399062,0.7385079867020419
base+ALL12-minus-groundwater,42,Western MH,K,2729,-0.0145125924994982,231.12132082323583,164.8025203378628,1.1863033623353858
base+ALL12-minus-groundwater,42,Western MH,OC,2729,0.4768904425748008,0.2087751861333342,0.1460145725850081,1.7698463444981385
base+ALL12-minus-groundwater,42,Konkan,N,1772,0.3866206279308694,247.03254625684673,184.99906368258684,2.6925819535876827
base+ALL12-minus-groundwater,42,Konkan,P,1772,0.04302260739155,28.224080294894947,14.68341458256198,0.6490650468888268
base+ALL12-minus-groundwater,42,Konkan,K,1772,0.1382179325412681,336.8862915637102,217.36573232353615,1.1465070252849867
base+ALL12-minus-groundwater,42,Konkan,OC,1772,0.1632479784985048,0.6253809820844523,0.4837902168215684,1.540261100984234
diag:base+lonlat+burn,42,Vidarbha,N,3561,0.3375692196277707,78.81235690404935,55.44842209419293,1.4497726560710096
diag:base+lonlat+burn,42,Vidarbha,P,3561,0.1811218287790269,16.699808673296197,8.423047615159785,0.9395317220064364
diag:base+lonlat+burn,42,Vidarbha,K,3561,0.4463258984739072,255.3956465912891,162.2021337613872,1.5497523363559935
diag:base+lonlat+burn,42,Vidarbha,OC,3561,0.2329008983511482,0.2296307124047205,0.1590666560766065,1.219349089099651
diag:base+lonlat+burn,42,Marathwada,N,3838,0.520786391046812,48.64648021238684,33.91502539337265,1.43843911613943
diag:base+lonlat+burn,42,Marathwada,P,3838,0.4762362824176783,10.544643033505707,4.283122954457677,0.7379339419338332
diag:base+lonlat+burn,42,Marathwada,K,3838,0.2518438139354814,157.99117121626605,113.9160803387534,1.661785895875233
diag:base+lonlat+burn,42,Marathwada,OC,3838,0.1033875190899751,0.1317707761949335,0.0849714297461402,1.1436847357502893
diag:base+lonlat+burn,42,North MH,N,5373,0.3492965134067468,50.74023404799619,36.1120992823453,1.3230132114980075
diag:base+lonlat+burn,42,North MH,P,5373,0.2860152371183889,18.580392120191657,8.837623681059746,0.4020367251497461
diag:base+lonlat+burn,42,North MH,K,5373,0.3065183731750804,119.084627015937,76.2197466607193,1.5405850830388688
diag:base+lonlat+burn,42,North MH,OC,5373,0.3572803056867728,0.2813577256612489,0.1690274397083309,0.7463807844851477
diag:base+lonlat+burn,42,Western MH,N,2729,0.4839207582878654,87.23795927623804,55.88486732102741,1.8399100727671407
diag:base+lonlat+burn,42,Western MH,P,2729,0.4264969639415501,31.438914773112703,16.369145945147082,0.774994944190552
diag:base+lonlat+burn,42,Western MH,K,2729,-0.0124474022127072,230.88596018482417,165.38623343239206,1.1875126568134289
diag:base+lonlat+burn,42,Western MH,OC,2729,0.5665645151600306,0.1900398959374565,0.1309035432043311,1.94432857467784
diag:base+lonlat+burn,42,Konkan,N,1772,0.4691881300693681,229.80522798476355,168.02540167272502,2.8944310006911627
diag:base+lonlat+burn,42,Konkan,P,1772,0.0935888666527172,27.468286941122372,14.219532278951217,0.666924152906474
diag:base+lonlat+burn,42,Konkan,K,1772,0.0909451938425951,346.00282642286766,222.9974079142289,1.116298684589222
diag:base+lonlat+burn,42,Konkan,OC,1772,0.2445920278822977,0.5942060467294963,0.4378441189185124,1.6210706796097374
diag:base+lonlat+groundwater,42,Vidarbha,N,3561,0.3627351125474861,77.3008124282839,53.711495617414634,1.4781215929134652
diag:base+lonlat+groundwater,42,Vidarbha,P,3561,0.2440712939798713,16.04509405637829,8.004668067007128,0.9778689950254836
diag:base+lonlat+groundwater,42,Vidarbha,K,3561,0.4694278625045934,250.01070523237453,157.1002788671841,1.5831322088073003
diag:base+lonlat+groundwater,42,Vidarbha,OC,3561,0.3183011406255642,0.2164713969427175,0.1530719482728538,1.2934734286123415
diag:base+lonlat+groundwater,42,Marathwada,N,3838,0.5310399994692678,48.123228090129494,33.44532862311414,1.4540795116434115
diag:base+lonlat+groundwater,42,Marathwada,P,3838,0.4764393216405047,10.54259899763183,4.280205709272761,0.7380770151409431
diag:base+lonlat+groundwater,42,Marathwada,K,3838,0.2621727034689843,156.89678415520245,113.877284703695,1.6733771913405684
diag:base+lonlat+groundwater,42,Marathwada,OC,3838,0.1360883886956353,0.1293455136262387,0.0827397363337098,1.16512912684079
diag:base+lonlat+groundwater,42,North MH,N,5373,0.3527981611934614,50.60352500289431,35.68184351061695,1.326587426392933
diag:base+lonlat+groundwater,42,North MH,P,5373,0.3063850586681681,18.31342706590352,8.67732712412113,0.4078974390275574
diag:base+lonlat+groundwater,42,North MH,K,5373,0.319856893665584,117.93382145567269,76.32642916437736,1.5556182080384495
diag:base+lonlat+groundwater,42,North MH,OC,5373,0.3753082449918121,0.2773836941923629,0.1691845058977431,0.7570740616583143
diag:base+lonlat+groundwater,42,Western MH,N,2729,0.4957865703955413,86.2292297552764,52.99561200983956,1.8614337673609835
diag:base+lonlat+groundwater,42,Western MH,P,2729,0.4347692926028836,31.211350417044734,15.83479966880303,0.7806454919263637
diag:base+lonlat+groundwater,42,Western MH,K,2729,0.0183750052910485,227.34431246765777,160.63573889888997,1.2060121364989291
diag:base+lonlat+groundwater,42,Western MH,OC,2729,0.5867891107210803,0.1855531925675206,0.1249706549530981,1.99134272435406
diag:base+lonlat+groundwater,42,Konkan,N,1772,0.456350601737146,232.56751229311945,165.35339474261693,2.8600528484892713
diag:base+lonlat+groundwater,42,Konkan,P,1772,0.0588870433156282,27.989158154594907,14.481682825160975,0.6545128616879309
diag:base+lonlat+groundwater,42,Konkan,K,1772,0.1373614778195765,337.0536518601903,220.7053606795962,1.145937739788125
diag:base+lonlat+groundwater,42,Konkan,OC,1772,0.3085759347974645,0.5684843726374289,0.4209878517914412,1.6944177296045864
diag:base+lonlat+hydro,42,Vidarbha,N,3561,0.3280608927282454,79.37596576206326,55.80509438190771,1.4394785487398645
diag:base+lonlat+hydro,42,Vidarbha,P,3561,0.1820878805632912,16.689955167954604,8.400633048565668,0.940086407788886
diag:base+lonlat+hydro,42,Vidarbha,K,3561,0.4574785022388844,252.8103566741826,160.6527179833939,1.56560041766841
diag:base+lonlat+hydro,42,Vidarbha,OC,3561,0.2245961356641551,0.2308703793885946,0.159977698989504,1.2128017493691197
diag:base+lonlat+hydro,42,Marathwada,N,3838,0.5158880708006097,48.894470056407904,34.0540267247066,1.4311434384966684
diag:base+lonlat+hydro,42,Marathwada,P,3838,0.4774615404279214,10.532302093543157,4.301978679084807,0.7387985960609985
diag:base+lonlat+hydro,42,Marathwada,K,3838,0.2551948209890213,157.63695126737545,113.51690276408569,1.665520031243695
diag:base+lonlat+hydro,42,Marathwada,OC,3838,0.0994586328131147,0.1320591652708235,0.0853664099301922,1.1411871720001616
diag:base+lonlat+hydro,42,North MH,N,5373,0.3486845546461802,50.76408794942116,36.0967517746428,1.3223915313298846
diag:base+lonlat+hydro,42,North MH,P,5373,0.2790132771609109,18.671277637849556,8.869523700197893,0.4000797452048573
diag:base+lonlat+hydro,42,North MH,K,5373,0.3060754076123833,119.12265395551748,76.22855404848694,1.540093289631603
diag:base+lonlat+hydro,42,North MH,OC,5373,0.3664459373039445,0.2793443430131183,0.1678398159735432,0.7517603461550612
diag:base+lonlat+hydro,42,Western MH,N,2729,0.492494924505773,86.51023610964425,55.30292999613891,1.8553873763165716
diag:base+lonlat+hydro,42,Western MH,P,2729,0.4254541742018443,31.46748418470516,16.394862237305258,0.7742913242439211
diag:base+lonlat+hydro,42,Western MH,K,2729,-0.0094575093703042,230.54478952884023,164.6350636121773,1.189269992006049
diag:base+lonlat+hydro,42,Western MH,OC,2729,0.5599245046307659,0.1914900203872142,0.1318063077083652,1.9296044736578415
diag:base+lonlat+hydro,42,Konkan,N,1772,0.4590572997241693,231.98784137346632,169.69816522525358,2.867199298299421
diag:base+lonlat+hydro,42,Konkan,P,1772,0.0917196720518922,27.496594807677702,14.252442287541326,0.6662375515271013
diag:base+lonlat+hydro,42,Konkan,K,1772,0.0863145044533096,346.8829693803584,222.75852893884664,1.1134663102369946
diag:base+lonlat+hydro,42,Konkan,OC,1772,0.2345915684725544,0.5981263096238475,0.4438202384051711,1.6104457946445678
diag:base+lonlat+iolulc,42,Vidarbha,N,3561,0.3643465426891537,77.2030165924939,54.4061900107445,1.4799939826588198
diag:base+lonlat+iolulc,42,Vidarbha,P,3561,0.1876598695641101,16.63300823601944,8.367459811144704,0.9433050099754464
diag:base+lonlat+iolulc,42,Vidarbha,K,3561,0.4598547027184887,252.2561046096044,159.61197693402025,1.569040323573324
diag:base+lonlat+iolulc,42,Vidarbha,OC,3561,0.2387795675541447,0.2287491318905946,0.1585952695259862,1.2240483611274091
diag:base+lonlat+iolulc,42,Marathwada,N,3838,0.5186249206866229,48.756065607707875,33.94294048829181,1.4352060431417912
diag:base+lonlat+iolulc,42,Marathwada,P,3838,0.4810760954516249,10.495811335672451,4.283533208065162,0.7413671750704601
diag:base+lonlat+iolulc,42,Marathwada,K,3838,0.2516623838821279,158.01032671452353,113.66483210702776,1.6615844385559893
diag:base+lonlat+iolulc,42,Marathwada,OC,3838,0.1041731901311933,0.1317130304158457,0.0850246140135563,1.1441861513345195
diag:base+lonlat+iolulc,42,North MH,N,5373,0.3437113203939145,50.957528474266475,36.191641868718435,1.3173715839436877
diag:base+lonlat+iolulc,42,North MH,P,5373,0.282672727590735,18.62383325820848,8.85605522803423,0.4010989518877693
diag:base+lonlat+iolulc,42,North MH,K,5373,0.3070748332682103,119.0368397793404,76.23727894438035,1.5412035495908776
diag:base+lonlat+iolulc,42,North MH,OC,5373,0.3550048935931594,0.2818553291662619,0.169135042000299,0.7450630811955462
diag:base+lonlat+iolulc,42,Western MH,N,2729,0.482858698467567,87.32767835892693,55.81532196763115,1.8380197781084389
diag:base+lonlat+iolulc,42,Western MH,P,2729,0.4240325669138919,31.50639036526868,16.36699477890349,0.7733351779599276
diag:base+lonlat+iolulc,42,Western MH,K,2729,-0.011655868677566,230.7956889701357,164.83319698786477,1.1879771291372698
diag:base+lonlat+iolulc,42,Western MH,OC,2729,0.5653541924992995,0.1903050441024984,0.1307948202839755,1.9416195810395176
diag:base+lonlat+iolulc,42,Konkan,N,1772,0.4708673473143221,229.44144695487225,167.9688232336588,2.899020141425565
diag:base+lonlat+iolulc,42,Konkan,P,1772,0.0892603788368808,27.533795039121017,14.268011048702329,0.6653374144018769
diag:base+lonlat+iolulc,42,Konkan,K,1772,0.0907410103279479,346.0416822245553,222.4028896714339,1.1161733393416964
diag:base+lonlat+iolulc,42,Konkan,OC,1772,0.2471513988128411,0.593198588466888,0.4377687285511858,1.623823823467793
diag:base+lonlat+lgrip,42,Vidarbha,N,3561,0.3231775366162241,79.66387830225281,55.88786468892299,1.4342761416471088
diag:base+lonlat+lgrip,42,Vidarbha,P,3561,0.1825518661370968,16.685220553566612,8.386846093519775,0.9403531676209174
diag:base+lonlat+lgrip,42,Vidarbha,K,3561,0.4426745333021165,256.2364032151435,162.7836070530526,1.544667326865632
diag:base+lonlat+lgrip,42,Vidarbha,OC,3561,0.2410263100849464,0.2284113058377842,0.1581745294136393,1.225858759368302
diag:base+lonlat+lgrip,42,Marathwada,N,3838,0.5090144721849368,49.24035742860617,34.2563167920384,1.4210904155490156
diag:base+lonlat+lgrip,42,Marathwada,P,3838,0.4796687434562345,10.51003432607316,4.333449797193332,0.7403638997349774
diag:base+lonlat+lgrip,42,Marathwada,K,3838,0.2493461640143769,158.25467090580872,114.39827439710756,1.6590189628985117
diag:base+lonlat+lgrip,42,Marathwada,OC,3838,0.1010752328189869,0.1319405795228217,0.0852429428025457,1.1422128498840325
diag:base+lonlat+lgrip,42,North MH,N,5373,0.3385842160523196,51.15618821787065,36.12736619897001,1.3122557082263049
diag:base+lonlat+lgrip,42,North MH,P,5373,0.2856606705075289,18.585005082053964,8.845798169359945,0.4019369360954964
diag:base+lonlat+lgrip,42,North MH,K,5373,0.3010537370019998,119.5528998408339,76.83445265114008,1.5345508159504997
diag:base+lonlat+lgrip,42,North MH,OC,5373,0.3542959140689428,0.2820101945071658,0.1695102434048528,0.7446539312771685
diag:base+lonlat+lgrip,42,Western MH,N,2729,0.4852312342657237,87.12712753949363,56.02635785734107,1.842250565729288
diag:base+lonlat+lgrip,42,Western MH,P,2729,0.430422288125594,31.33113868830067,16.171546265523443,0.7776608517933666
diag:base+lonlat+lgrip,42,Western MH,K,2729,-0.0129374524833996,230.94183076091585,164.81258858723564,1.1872253679492428
diag:base+lonlat+lgrip,42,Western MH,OC,2729,0.5642887755124723,0.1905381420938863,0.1314774573191431,1.939244268572386
diag:base+lonlat+lgrip,42,Konkan,N,1772,0.4537333231760706,233.1266622883107,171.52756797067738,2.853193064538426
diag:base+lonlat+lgrip,42,Konkan,P,1772,0.0708609913963133,27.810532637887505,14.42920381610832,0.6587167616862852
diag:base+lonlat+lgrip,42,Konkan,K,1772,0.1106727652046644,342.2278973823706,219.95606768067017,1.1286119657523186
diag:base+lonlat+lgrip,42,Konkan,OC,1772,0.242242306932534,0.5951294777678819,0.4420039812220723,1.6185553496909724
diag:base+lonlat+ndvi,42,Vidarbha,N,3561,0.3190517390658991,79.90631829383369,56.190669976865685,1.429924472052886
diag:base+lonlat+ndvi,42,Vidarbha,P,3561,0.1745837160607912,16.766343697062545,8.530642277322176,0.9358033142759014
diag:base+lonlat+ndvi,42,Vidarbha,K,3561,0.4589125578288816,252.47600678805625,160.48790097062243,1.5676737169415809
diag:base+lonlat+ndvi,42,Vidarbha,OC,3561,0.2309658196123475,0.2299201623796603,0.1600470593886811,1.217814032062331
diag:base+lonlat+ndvi,42,Marathwada,N,3838,0.5103722518465483,49.172225234954176,34.15254759087504,1.423059454105366
diag:base+lonlat+ndvi,42,Marathwada,P,3838,0.4664827858628462,10.64237101622906,4.298511463428484,0.7311575576658623
diag:base+lonlat+ndvi,42,Marathwada,K,3838,0.253042943425162,157.8645079276764,113.70687222084412,1.663119237164333
diag:base+lonlat+ndvi,42,Marathwada,OC,3838,0.096870612763522,0.1322487881920882,0.0854877921011415,1.1395508980635705
diag:base+lonlat+ndvi,42,North MH,N,5373,0.343026612176194,50.98410362621129,36.25358482247473,1.316684912069102
diag:base+lonlat+ndvi,42,North MH,P,5373,0.277207244527526,18.69464828031879,8.801008952808997,0.3995795956142277
diag:base+lonlat+ndvi,42,North MH,K,5373,0.3017939004804396,119.48958157587552,76.75305601701434,1.5353639838758952
diag:base+lonlat+ndvi,42,North MH,OC,5373,0.3451480998308948,0.2840008153157177,0.1704272980671564,0.7394344969275788
diag:base+lonlat+ndvi,42,Western MH,N,2729,0.4903168591223522,86.69567584803035,55.68259514426556,1.8514187522035064
diag:base+lonlat+ndvi,42,Western MH,P,2729,0.4237800640179772,31.51329577573771,16.46224098020554,0.7731657194281397
diag:base+lonlat+ndvi,42,Western MH,K,2729,-0.0114711247131278,230.77461458177513,165.27014808093855,1.1880856154689587
diag:base+lonlat+ndvi,42,Western MH,OC,2729,0.5701838359796051,0.1892447865493451,0.1295671633125615,1.95249764465059
diag:base+lonlat+ndvi,42,Konkan,N,1772,0.4795493017277218,227.5513358101128,166.42533999407095,2.92310029133408
diag:base+lonlat+ndvi,42,Konkan,P,1772,0.0936082638918863,27.467993028259695,14.311627614335734,0.6669312891244994
diag:base+lonlat+ndvi,42,Konkan,K,1772,0.1172718482480864,340.95581477273845,219.083843778886,1.132822739091419
diag:base+lonlat+ndvi,42,Konkan,OC,1772,0.2447906968678445,0.5941279047985354,0.4390736260246838,1.6212838889071053
diag:base+lonlat+s1,42,Vidarbha,N,3561,0.3361944653655498,78.8940948539611,55.62771322957151,1.448270624202025
diag:base+lonlat+s1,42,Vidarbha,P,3561,0.1740237354678409,16.77203006127106,8.471441860287786,0.9354860409074977
diag:base+lonlat+s1,42,Vidarbha,K,3561,0.4502073838164609,254.49885734808072,161.81684976995584,1.555213269420146
diag:base+lonlat+s1,42,Vidarbha,OC,3561,0.2227096675417188,0.2311510492785541,0.1602818827763677,1.2113291325040851
diag:base+lonlat+s1,42,Marathwada,N,3838,0.5167850048109499,48.84915466306049,33.9957783462505,1.4324710526242694
diag:base+lonlat+s1,42,Marathwada,P,3838,0.4826891634361937,10.479485594457916,4.305975754883525,0.7425221333492857
diag:base+lonlat+s1,42,Marathwada,K,3838,0.2456555516618276,158.64322585059227,114.05304402299612,1.6549556313691147
diag:base+lonlat+s1,42,Marathwada,OC,3838,0.1014896366573048,0.1319101637486024,0.0853670662468367,1.1424762207052428
diag:base+lonlat+s1,42,North MH,N,5373,0.3355659954043253,51.2727751855241,36.411711661176355,1.3092718261708778
diag:base+lonlat+s1,42,North MH,P,5373,0.275611486547449,18.715273616214297,8.8817780237225,0.3991392353210503
diag:base+lonlat+s1,42,North MH,K,5373,0.3001633519353749,119.62902460387627,76.75414442453922,1.5335743195055311
diag:base+lonlat+s1,42,North MH,OC,5373,0.3645213905888533,0.2797683033449776,0.1681480393089084,0.750621130017908
diag:base+lonlat+s1,42,Western MH,N,2729,0.4828479691670231,87.32858426224998,56.22677895024704,1.8380007114049204
diag:base+lonlat+s1,42,Western MH,P,2729,0.4301587746087936,31.338385481552436,16.26054135367542,0.7774810228926002
diag:base+lonlat+s1,42,Western MH,K,2729,-0.0143216801706678,231.0995734413175,165.17826734730463,1.186414998163646
diag:base+lonlat+s1,42,Western MH,OC,2729,0.5659005816861166,0.1901853911398776,0.1309117458312997,1.942841128781758
diag:base+lonlat+s1,42,Konkan,N,1772,0.4709545524837591,229.42253930986848,167.8291413240302,2.8992590614717715
diag:base+lonlat+s1,42,Konkan,P,1772,0.0874641593398278,27.560933628956267,14.257704597848432,0.6646822726191425
diag:base+lonlat+s1,42,Konkan,K,1772,0.0892500791024296,346.325271958291,222.88748646109656,1.115259356662012
diag:base+lonlat+s1,42,Konkan,OC,1772,0.2438570491291333,0.5944950446336914,0.4388374827803031,1.6202826393507173
diag:base+lonlat+soilgrids,42,Vidarbha,N,3561,0.3471207626635622,78.24209888484047,54.01296729966972,1.4603391477032328
diag:base+lonlat+soilgrids,42,Vidarbha,P,3561,0.1874329669614436,16.63533103727664,8.213628546671192,0.9431732957307352
diag:base+lonlat+soilgrids,42,Vidarbha,K,3561,0.4822686400552379,246.9668265556707,155.91125693338446,1.6026443936622377
diag:base+lonlat+soilgrids,42,Vidarbha,OC,3561,0.2794268993387937,0.222558025119808,0.1552913709741209,1.2580988703924276
diag:base+lonlat+soilgrids,42,Marathwada,N,3838,0.5293890319946368,48.207862260965506,33.552254496905675,1.451526716144383
diag:base+lonlat+soilgrids,42,Marathwada,P,3838,0.4741211556022751,10.565912916188951,4.293509026965434,0.7364484320212097
diag:base+lonlat+soilgrids,42,Marathwada,K,3838,0.2589452548868024,157.2395633925351,112.8671553860306,1.6697292611056969
diag:base+lonlat+soilgrids,42,Marathwada,OC,3838,0.0968430761778228,0.1322508043219931,0.0855228020300366,1.1395335258997072
diag:base+lonlat+soilgrids,42,North MH,N,5373,0.3640505060887569,50.16169604981896,36.22382642049043,1.338272133648126
diag:base+lonlat+soilgrids,42,North MH,P,5373,0.3110456489773398,18.251796877300247,8.650803138038595,0.4092747716960644
diag:base+lonlat+soilgrids,42,North MH,K,5373,0.3260497259310012,117.39568877380272,75.76423786485351,1.5627490405843574
diag:base+lonlat+soilgrids,42,North MH,OC,5373,0.3801452576451763,0.2763077109116399,0.1663964540092544,0.7600222205422111
diag:base+lonlat+soilgrids,42,Western MH,N,2729,0.5125162166159973,84.786632949471,53.758362260296664,1.8931050145092647
diag:base+lonlat+soilgrids,42,Western MH,P,2729,0.4207805929305142,31.59520940309772,16.377937518599477,0.7711612127378766
diag:base+lonlat+soilgrids,42,Western MH,K,2729,0.004791350913782,228.91189500257775,163.0105221127764,1.1977533976419728
diag:base+lonlat+soilgrids,42,Western MH,OC,2729,0.57297505681009,0.1886293090493669,0.1286597323599236,1.9588684381137007
diag:base+lonlat+soilgrids,42,Konkan,N,1772,0.4763712444012727,228.2450331814042,166.02108706286091,2.9142162119749124
diag:base+lonlat+soilgrids,42,Konkan,P,1772,0.0838304163363792,27.615753310509312,14.154036045614411,0.663362820272171
diag:base+lonlat+soilgrids,42,Konkan,K,1772,0.1110745308130322,342.1505856087217,223.46233590745052,1.1288669850230837
diag:base+lonlat+soilgrids,42,Konkan,OC,1772,0.2532085090079184,0.5908074533026483,0.4379335838432536,1.6303958161248238
diag:base+lonlat+water,42,Vidarbha,N,3561,0.3288489405881751,79.32940617783612,55.3158311848759,1.4403233996717242
diag:base+lonlat+water,42,Vidarbha,P,3561,0.1807114198656051,16.703992990353267,8.416476699757977,0.9392963711767084
diag:base+lonlat+water,42,Vidarbha,K,3561,0.4547828501073356,253.4376537858264,160.91306960713823,1.5617253162171407
diag:base+lonlat+water,42,Vidarbha,OC,3561,0.2269219426317785,0.2305238740275675,0.1598647117105254,1.214624737594492
diag:base+lonlat+water,42,Marathwada,N,3838,0.5127926056342802,49.05053929497241,34.0676252935175,1.4265898195164657
diag:base+lonlat+water,42,Marathwada,P,3838,0.4829053888993847,10.477295259078891,4.286195668093927,0.7426773616270204
diag:base+lonlat+water,42,Marathwada,K,3838,0.251538833993712,158.0233698598281,113.68627528606214,1.6614472924662234
diag:base+lonlat+water,42,Marathwada,OC,3838,0.1066627007067774,0.1315298872538142,0.0848467114957386,1.1457793243698136
diag:base+lonlat+water,42,North MH,N,5373,0.3390579095295238,51.13786638952289,36.33742600695789,1.312725867142427
diag:base+lonlat+water,42,North MH,P,5373,0.2825599045764801,18.62529780198934,8.847291893562266,0.4010674126886788
diag:base+lonlat+water,42,North MH,K,5373,0.3154065778764048,118.31902495311238,75.60871082935058,1.5505536837605092
diag:base+lonlat+water,42,North MH,OC,5373,0.351831245135292,0.2825479019309171,0.1693913384163203,0.7432368053872327
diag:base+lonlat+water,42,Western MH,N,2729,0.4791181047799335,87.64293919045816,55.738202329715705,1.8314082284620024
diag:base+lonlat+water,42,Western MH,P,2729,0.4244310728049995,31.49548900700576,16.287910088502027,0.7736028481596309
diag:base+lonlat+water,42,Western MH,K,2729,-0.0090562743935675,230.49896698251095,164.5245728588874,1.1895064155354909
diag:base+lonlat+water,42,Western MH,OC,2729,0.5661705180595277,0.1901262503809222,0.1304295009636836,1.9434454698375336
diag:base+lonlat+water,42,Konkan,N,1772,0.4671744340030911,230.24071168336067,168.82080328774867,2.8889563932323017
diag:base+lonlat+water,42,Konkan,P,1772,0.0844143981228778,27.60695053644817,14.337635413505083,0.6635743406651861
diag:base+lonlat+water,42,Konkan,K,1772,0.0957213843564263,345.09267678579346,222.1720789208682,1.119242817893088
diag:base+lonlat+water,42,Konkan,OC,1772,0.2248426556638901,0.6019233876762958,0.4440484017249685,1.6002867137603556
diag:base+lonlat+wcereal,42,Vidarbha,N,3561,0.3735361874832207,76.64292272972158,53.67709757146055,1.4908095350556194
diag:base+lonlat+wcereal,42,Vidarbha,P,3561,0.1885941364862188,16.623440728877927,8.350681756088095,0.9438479226953076
diag:base+lonlat+wcereal,42,Vidarbha,K,3561,0.4753678652040645,248.60727289333587,157.36257756735375,1.5920692721238958
diag:base+lonlat+wcereal,42,Vidarbha,OC,3561,0.2768612951100837,0.2229538825659834,0.1559727122759306,1.255865099891829
diag:base+lonlat+wcereal,42,Marathwada,N,3838,0.5187771740710311,48.74835450737757,34.09452281943909,1.435433066554277
diag:base+lonlat+wcereal,42,Marathwada,P,3838,0.489902328690368,10.406168345944572,4.287027939674693,0.747753615098151
diag:base+lonlat+wcereal,42,Marathwada,K,3838,0.2610362496550635,157.0175694274129,112.7243252735732,1.672089951190922
diag:base+lonlat+wcereal,42,Marathwada,OC,3838,0.1015161025539976,0.1319082210072511,0.0852360470386625,1.1424930470696644
diag:base+lonlat+wcereal,42,North MH,N,5373,0.3822856296091153,49.43730088414377,35.52762639217888,1.3578815752364604
diag:base+lonlat+wcereal,42,North MH,P,5373,0.3160307327395193,18.185644509578335,8.675869500541529,0.4107635556202349
diag:base+lonlat+wcereal,42,North MH,K,5373,0.3196917320514628,117.94813973500716,75.31080920825484,1.5554293642288697
diag:base+lonlat+wcereal,42,North MH,OC,5373,0.3741677396133945,0.2776367896830651,0.1679794328995482,0.7563839080538439
diag:base+lonlat+wcereal,42,Western MH,N,2729,0.4858980585018997,87.07067762321513,55.08222430159962,1.8434449390021077
diag:base+lonlat+wcereal,42,Western MH,P,2729,0.4251330656733387,31.476276404278877,16.425325994309606,0.7740750426466527
diag:base+lonlat+wcereal,42,Western MH,K,2729,-0.0083554414662465,230.41890736197396,164.7904408615893,1.1899197124881775
diag:base+lonlat+wcereal,42,Western MH,OC,2729,0.5714230709535675,0.1889717767587361,0.1296555506089731,1.9553184413974556
diag:base+lonlat+wcereal,42,Konkan,N,1772,0.5059317226629518,221.7088741292416,161.22071785692006,3.000129690849715
diag:base+lonlat+wcereal,42,Konkan,P,1772,0.0979671008986444,27.40186665571017,14.19402440242607,0.6685407322855693
diag:base+lonlat+wcereal,42,Konkan,K,1772,0.1294833501136174,338.5892409910509,218.58205982471915,1.1407406179519115
diag:base+lonlat+wcereal,42,Konkan,OC,1772,0.229983493315962,0.5999240916529243,0.4449489872482008,1.6056197999084052
diag:base+lonlat+worldcover,42,Vidarbha,N,3561,0.3057426418786627,80.68342190590361,57.06757857501372,1.4161521326308493
diag:base+lonlat+worldcover,42,Vidarbha,P,3561,0.1813147111263091,16.697841782426643,8.419636738363089,0.9396423923786767
diag:base+lonlat+worldcover,42,Vidarbha,K,3561,0.445907426847145,255.4921434696994,162.01757139948074,1.5491670100882793
diag:base+lonlat+worldcover,42,Vidarbha,OC,3561,0.2188213822465572,0.2317284783191452,0.1602119927764814,1.2083107006570568
diag:base+lonlat+worldcover,42,Marathwada,N,3838,0.5111732437977259,49.131987852280105,34.2332127587069,1.424224890114081
diag:base+lonlat+worldcover,42,Marathwada,P,3838,0.4754271544471977,10.552784751570616,4.313899782251008,0.7373646087912372
diag:base+lonlat+worldcover,42,Marathwada,K,3838,0.2449087620212542,158.7217336269323,114.69747311237846,1.654137048534923
diag:base+lonlat+worldcover,42,Marathwada,OC,3838,0.0995081861473768,0.1320555318663945,0.0852964184977271,1.1412185708705185
diag:base+lonlat+worldcover,42,North MH,N,5373,0.3565615331995198,50.45618492291615,35.97984766990391,1.3304612725388785
diag:base+lonlat+worldcover,42,North MH,P,5373,0.2785086098335529,18.677811139196724,8.831418454097882,0.3999397972454958
diag:base+lonlat+worldcover,42,North MH,K,5373,0.3063494864980992,119.09912673866066,76.25376159253224,1.5403975245138992
diag:base+lonlat+worldcover,42,North MH,OC,5373,0.3509061737326527,0.2827494573041704,0.1697362187617184,0.7427069958054435
diag:base+lonlat+worldcover,42,Western MH,N,2729,0.4862849122402136,87.03791179079774,55.132105685911746,1.844138912544203
diag:base+lonlat+worldcover,42,Western MH,P,2729,0.4230874595818916,31.53222925265463,16.364253484003953,0.7727014733012815
diag:base+lonlat+worldcover,42,Western MH,K,2729,-0.0143927334787286,231.1076675706027,165.38199185155332,1.1863734461178743
diag:base+lonlat+worldcover,42,Western MH,OC,2729,0.5786736440097238,0.1873664661186684,0.1273808744229529,1.9720711376708009
diag:base+lonlat+worldcover,42,Konkan,N,1772,0.4412757375845406,235.769898742533,172.83852841786324,2.82120567361471
diag:base+lonlat+worldcover,42,Konkan,P,1772,0.089860825745437,27.524717083362628,14.277306916654922,0.6655568500310987
diag:base+lonlat+worldcover,42,Konkan,K,1772,0.1215939344889192,340.120082558721,217.4557511031975,1.1356062749788265
diag:base+lonlat+worldcover,42,Konkan,OC,1772,0.2457307931175706,0.5937579998330373,0.441756823713616,1.622293931653742
diag:base+lonlat+ALL12,42,Vidarbha,N,3561,0.3351896041637788,78.95378676004954,54.66329355197104,1.447175679454748
diag:base+lonlat+ALL12,42,Vidarbha,P,3561,0.2293494695184421,16.200580975692212,8.06630543282218,0.9684837860779004
diag:base+lonlat+ALL12,42,Vidarbha,K,3561,0.4965887042051844,243.5274175920059,154.13773657973823,1.6252790092945684
diag:base+lonlat+ALL12,42,Vidarbha,OC,3561,0.3164035433939066,0.2167724756766478,0.1524539147704296,1.2916769028262909
diag:base+lonlat+ALL12,42,Marathwada,N,3838,0.5238886762180361,48.48876318370534,33.85359568391041,1.443117856706131
diag:base+lonlat+ALL12,42,Marathwada,P,3838,0.4756650604317302,10.550391513546309,4.310890002536508,0.7375318716854408
diag:base+lonlat+ALL12,42,Marathwada,K,3838,0.2611509196159621,157.0053862201248,112.9970872240432,1.6722197009974105
diag:base+lonlat+ALL12,42,Marathwada,OC,3838,0.1242124567075222,0.1302315159720041,0.0834268009340327,1.1572024193015606
diag:base+lonlat+ALL12,42,North MH,N,5373,0.3560431849945692,50.47650435439438,35.77201287490525,1.32992569233166
diag:base+lonlat+ALL12,42,North MH,P,5373,0.3060823648047653,18.317422623821155,8.754967106549643,0.4078084648374893
diag:base+lonlat+ALL12,42,North MH,K,5373,0.3208070147863162,117.85141925730808,75.90366804072387,1.5567059027048882
diag:base+lonlat+ALL12,42,North MH,OC,5373,0.381641978641968,0.2759739185953278,0.1678906633069882,0.7609414725452075
diag:base+lonlat+ALL12,42,Western MH,N,2729,0.5105098197319615,84.96093716203288,52.69807181736997,1.8892211569404425
diag:base+lonlat+ALL12,42,Western MH,P,2729,0.4388747347335695,31.09779509043451,15.843615392980228,0.783496062313901
diag:base+lonlat+ALL12,42,Western MH,K,2729,0.0125009557902843,228.0235127222108,161.71409084752972,1.2024198589292818
diag:base+lonlat+ALL12,42,Western MH,OC,2729,0.576430475958777,0.1878645794343254,0.1269103984584686,1.966842291998804
diag:base+lonlat+ALL12,42,Konkan,N,1772,0.4798522468878196,227.48509936297933,164.36942543599747,2.9239514054442135
diag:base+lonlat+ALL12,42,Konkan,P,1772,0.0409864244879406,28.2540908536354,14.65269377832977,0.6483756315111762
diag:base+lonlat+ALL12,42,Konkan,K,1772,0.1631349898707005,331.9803036915783,216.4574328954368,1.1634500472016958
diag:base+lonlat+ALL12,42,Konkan,OC,1772,0.3087361985344459,0.5684184849177414,0.428998389613584,1.694614136518443
